executor_p,solver_p,preconditioner_p,executor_U,solver_U,preconditioner_U,resolution,processes,node,log_id,setup_time,run_time,number_of_iterations,linear_solve_p,linear_solve_U
#{'node_data': {'host': 'uc2n559.localdomain\n', 'top': ['top - 01:36:57 up 271 days, 15:06,  0 users,  load average: 3.63, 3.97, 3.99', 'Tasks: 1118 total,   4 running, 1114 sleeping,   0 stopped,   0 zombie', '%Cpu(s):  3.8 us,  0.2 sy,  0.0 ni, 96.0 id,  0.0 wa,  0.0 hi,  0.0 si,  0.0 st', 'MiB Mem : 193086.6 total, 166808.7 free,  16814.0 used,   9463.9 buff/cache', 'MiB Swap:      0.0 total,      0.0 free,      0.0 used. 174883.7 avail Mem ', '', '    PID USER      PR  NI    VIRT    RES    SHR S  %CPU  %MEM     TIME+ COMMAND', '3526051 ca9551    20   0 6983124   3.2g  20576 R 106.2   1.7 584:48.79 python3', '3526052 ca9551    20   0 6825872   3.2g  20332 R 106.2   1.7 584:49.74 python3', '3526050 ca9551    20   0 7679700   4.0g  20236 R 100.0   2.1 584:50.51 python3', '3592983 nq7776    20   0   56764   5500   3648 R  12.5   0.0   0:00.03 top', '      1 root      20   0   95588  11708   8460 S   0.0   0.0   3:04.04 systemd', '      2 root      20   0       0      0      0 S   0.0   0.0   2:23.87 kthreadd', '      3 root       0 -20       0      0      0 I   0.0   0.0   0:00.00 rcu_gp', '      4 root       0 -20       0      0      0 I   0.0   0.0   0:00.00 rcu_par+'], 'uptime': ' 01:36:57 up 271 days, 15:06,  0 users,  load average: 3.63, 3.97, 3.99\n', 'libOGL.so': '0b4a86185d759ebe2d90ced5681e4036  /home/kit/scc/nq7776/OpenFOAM/nq7776-8/platforms/linux64GccDPInt32Opt/lib/libOGL.so\n'}, 'OBR_REPORT_VERSION': '0.2.0', 'OBR_VERSION': '0.2.0'}
omp,none,GKOCG,cuda,none,PBiCGStab,5,32,uc2n559.localdomain,d1f0796730434ee6564d5c1c3148cb94,0.294602,0.477384,239,0.0,6.0
omp,none,GKOCG,cuda,none,PBiCGStab,5,32,uc2n559.localdomain,d1f0796730434ee6564d5c1c3148cb94,0.294602,0.339346,239,0.0,4.0
omp,none,GKOCG,cuda,none,PBiCGStab,5,32,uc2n559.localdomain,d1f0796730434ee6564d5c1c3148cb94,0.294602,0.290861,239,0.0,4.0
omp,none,GKOCG,cuda,none,PBiCGStab,5,32,uc2n559.localdomain,d1f0796730434ee6564d5c1c3148cb94,0.294602,0.312964,239,0.0,4.0
omp,none,GKOCG,cuda,none,PBiCGStab,5,32,uc2n559.localdomain,d1f0796730434ee6564d5c1c3148cb94,0.294602,0.367545,239,0.0,4.0
omp,none,GKOCG,cuda,none,PBiCGStab,5,32,uc2n559.localdomain,d1f0796730434ee6564d5c1c3148cb94,0.294602,0.350717,239,0.0,4.0
omp,none,GKOCG,cuda,none,PBiCGStab,5,32,uc2n559.localdomain,d1f0796730434ee6564d5c1c3148cb94,0.294602,0.302248,239,0.0,4.0
omp,none,GKOCG,cuda,none,PBiCGStab,5,32,uc2n559.localdomain,d1f0796730434ee6564d5c1c3148cb94,0.294602,0.602716,239,0.0,4.0
omp,none,GKOCG,cuda,none,PBiCGStab,5,32,uc2n559.localdomain,d1f0796730434ee6564d5c1c3148cb94,0.294602,0.413806,239,0.0,4.0
omp,none,GKOCG,cuda,none,PBiCGStab,5,32,uc2n559.localdomain,d1f0796730434ee6564d5c1c3148cb94,0.294602,0.300641,239,0.0,4.0
omp,none,GKOCG,cuda,none,PBiCGStab,5,32,uc2n559.localdomain,d1f0796730434ee6564d5c1c3148cb94,0.294602,0.328322,239,0.0,4.0
omp,none,GKOCG,cuda,none,PBiCGStab,5,32,uc2n559.localdomain,d1f0796730434ee6564d5c1c3148cb94,0.294602,0.314555,239,0.0,4.0
omp,none,GKOCG,cuda,none,PBiCGStab,5,32,uc2n559.localdomain,d1f0796730434ee6564d5c1c3148cb94,0.294602,0.27593,239,0.0,4.0
omp,none,GKOCG,cuda,none,PBiCGStab,5,32,uc2n559.localdomain,d1f0796730434ee6564d5c1c3148cb94,0.294602,0.526073,239,0.0,4.0
omp,none,GKOCG,cuda,none,PBiCGStab,5,32,uc2n559.localdomain,d1f0796730434ee6564d5c1c3148cb94,0.294602,1.971871,239,0.0,4.0
omp,none,GKOCG,cuda,none,PBiCGStab,5,32,uc2n559.localdomain,d1f0796730434ee6564d5c1c3148cb94,0.294602,0.507488,239,0.0,4.0
omp,none,GKOCG,cuda,none,PBiCGStab,5,32,uc2n559.localdomain,d1f0796730434ee6564d5c1c3148cb94,0.294602,0.278191,239,0.0,4.0
omp,none,GKOCG,cuda,none,PBiCGStab,5,32,uc2n559.localdomain,d1f0796730434ee6564d5c1c3148cb94,0.294602,0.302493,239,0.0,4.0
omp,none,GKOCG,cuda,none,PBiCGStab,5,32,uc2n559.localdomain,d1f0796730434ee6564d5c1c3148cb94,0.294602,0.321402,239,0.0,4.0
omp,none,GKOCG,cuda,none,PBiCGStab,5,32,uc2n559.localdomain,d1f0796730434ee6564d5c1c3148cb94,0.294602,0.312085,239,0.0,4.0
omp,none,GKOCG,cuda,none,PBiCGStab,5,32,uc2n559.localdomain,d1f0796730434ee6564d5c1c3148cb94,0.294602,0.289971,239,0.0,4.0
omp,none,GKOCG,cuda,none,PBiCGStab,5,32,uc2n559.localdomain,d1f0796730434ee6564d5c1c3148cb94,0.294602,0.648328,239,0.0,4.0
omp,none,GKOCG,cuda,none,PBiCGStab,5,32,uc2n559.localdomain,d1f0796730434ee6564d5c1c3148cb94,0.294602,0.317398,239,0.0,4.0
omp,none,GKOCG,cuda,none,PBiCGStab,5,32,uc2n559.localdomain,d1f0796730434ee6564d5c1c3148cb94,0.294602,0.313185,239,0.0,4.0
omp,none,GKOCG,cuda,none,PBiCGStab,5,32,uc2n559.localdomain,d1f0796730434ee6564d5c1c3148cb94,0.294602,0.449255,239,0.0,4.0
omp,none,GKOCG,cuda,none,PBiCGStab,5,32,uc2n559.localdomain,d1f0796730434ee6564d5c1c3148cb94,0.294602,0.298425,239,0.0,4.0
omp,none,GKOCG,cuda,none,PBiCGStab,5,32,uc2n559.localdomain,d1f0796730434ee6564d5c1c3148cb94,0.294602,0.321804,239,0.0,4.0
omp,none,GKOCG,cuda,none,PBiCGStab,5,32,uc2n559.localdomain,d1f0796730434ee6564d5c1c3148cb94,0.294602,0.301466,239,0.0,4.0
omp,none,GKOCG,cuda,none,PBiCGStab,5,32,uc2n559.localdomain,d1f0796730434ee6564d5c1c3148cb94,0.294602,0.298782,239,0.0,4.0
omp,none,GKOCG,cuda,none,PBiCGStab,5,32,uc2n559.localdomain,d1f0796730434ee6564d5c1c3148cb94,0.294602,0.304586,239,0.0,4.0
omp,none,GKOCG,cuda,none,PBiCGStab,5,32,uc2n559.localdomain,d1f0796730434ee6564d5c1c3148cb94,0.294602,0.528299,239,0.0,4.0
omp,none,GKOCG,cuda,none,PBiCGStab,5,32,uc2n559.localdomain,d1f0796730434ee6564d5c1c3148cb94,0.294602,0.338204,239,0.0,4.0
omp,none,GKOCG,cuda,none,PBiCGStab,5,32,uc2n559.localdomain,d1f0796730434ee6564d5c1c3148cb94,0.294602,0.338517,239,0.0,4.0
omp,none,GKOCG,cuda,none,PBiCGStab,5,32,uc2n559.localdomain,d1f0796730434ee6564d5c1c3148cb94,0.294602,0.313973,239,0.0,4.0
omp,none,GKOCG,cuda,none,PBiCGStab,5,32,uc2n559.localdomain,d1f0796730434ee6564d5c1c3148cb94,0.294602,0.33935,239,0.0,4.0
omp,none,GKOCG,cuda,none,PBiCGStab,5,32,uc2n559.localdomain,d1f0796730434ee6564d5c1c3148cb94,0.294602,1.534861,239,0.0,4.0
omp,none,GKOCG,cuda,none,PBiCGStab,5,32,uc2n559.localdomain,d1f0796730434ee6564d5c1c3148cb94,0.294602,0.355467,239,0.0,4.0
omp,none,GKOCG,cuda,none,PBiCGStab,5,32,uc2n559.localdomain,d1f0796730434ee6564d5c1c3148cb94,0.294602,0.348692,239,0.0,4.0
omp,none,GKOCG,cuda,none,PBiCGStab,5,32,uc2n559.localdomain,d1f0796730434ee6564d5c1c3148cb94,0.294602,0.588999,239,0.0,4.0
omp,none,GKOCG,cuda,none,PBiCGStab,5,32,uc2n559.localdomain,d1f0796730434ee6564d5c1c3148cb94,0.294602,0.292117,239,0.0,4.0
omp,none,GKOCG,cuda,none,PBiCGStab,5,32,uc2n559.localdomain,d1f0796730434ee6564d5c1c3148cb94,0.294602,0.396169,239,0.0,4.0
omp,none,GKOCG,cuda,none,PBiCGStab,5,32,uc2n559.localdomain,d1f0796730434ee6564d5c1c3148cb94,0.294602,0.297819,239,0.0,4.0
omp,none,GKOCG,cuda,none,PBiCGStab,5,32,uc2n559.localdomain,d1f0796730434ee6564d5c1c3148cb94,0.294602,0.299563,239,0.0,4.0
omp,none,GKOCG,cuda,none,PBiCGStab,5,32,uc2n559.localdomain,d1f0796730434ee6564d5c1c3148cb94,0.294602,0.321941,239,0.0,4.0
omp,none,GKOCG,cuda,none,PBiCGStab,5,32,uc2n559.localdomain,d1f0796730434ee6564d5c1c3148cb94,0.294602,0.2882,239,0.0,4.0
omp,none,GKOCG,cuda,none,PBiCGStab,5,32,uc2n559.localdomain,d1f0796730434ee6564d5c1c3148cb94,0.294602,0.301907,239,0.0,4.0
omp,none,GKOCG,cuda,none,PBiCGStab,5,32,uc2n559.localdomain,d1f0796730434ee6564d5c1c3148cb94,0.294602,0.311959,239,0.0,4.0
omp,none,GKOCG,cuda,none,PBiCGStab,5,32,uc2n559.localdomain,d1f0796730434ee6564d5c1c3148cb94,0.294602,0.374493,239,0.0,5.0
omp,BJ,GKOCG,cuda,none,PBiCGStab,5,32,uc2n559.localdomain,de4f4bddf81962096e3e930d2cc2f6f0,0.27518,0.320137,0,0,0
omp,BJ,GKOCG,cuda,none,PBiCGStab,5,32,uc2n559.localdomain,de4f4bddf81962096e3e930d2cc2f6f0,0.27518,0.269871,0,0,0
omp,BJ,GKOCG,cuda,none,PBiCGStab,5,32,uc2n559.localdomain,de4f4bddf81962096e3e930d2cc2f6f0,0.27518,0.309524,0,0,0
omp,BJ,GKOCG,cuda,none,PBiCGStab,5,32,uc2n559.localdomain,de4f4bddf81962096e3e930d2cc2f6f0,0.27518,1.592175,0,0,0
omp,BJ,GKOCG,cuda,none,PBiCGStab,5,32,uc2n559.localdomain,de4f4bddf81962096e3e930d2cc2f6f0,0.27518,0.486936,0,0,0
omp,BJ,GKOCG,cuda,none,PBiCGStab,5,32,uc2n559.localdomain,de4f4bddf81962096e3e930d2cc2f6f0,0.27518,0.247957,0,0,0
omp,BJ,GKOCG,cuda,none,PBiCGStab,5,32,uc2n559.localdomain,de4f4bddf81962096e3e930d2cc2f6f0,0.27518,0.249557,0,0,0
omp,BJ,GKOCG,cuda,none,PBiCGStab,5,32,uc2n559.localdomain,de4f4bddf81962096e3e930d2cc2f6f0,0.27518,0.293253,0,0,0
omp,BJ,GKOCG,cuda,none,PBiCGStab,5,32,uc2n559.localdomain,de4f4bddf81962096e3e930d2cc2f6f0,0.27518,0.2944,0,0,0
omp,BJ,GKOCG,cuda,none,PBiCGStab,5,32,uc2n559.localdomain,de4f4bddf81962096e3e930d2cc2f6f0,0.27518,0.520048,0,0,0
omp,BJ,GKOCG,cuda,none,PBiCGStab,5,32,uc2n559.localdomain,de4f4bddf81962096e3e930d2cc2f6f0,0.27518,0.246821,0,0,0
omp,BJ,GKOCG,cuda,none,PBiCGStab,5,32,uc2n559.localdomain,de4f4bddf81962096e3e930d2cc2f6f0,0.27518,0.708209,0,0,0
omp,BJ,GKOCG,cuda,none,PBiCGStab,5,32,uc2n559.localdomain,de4f4bddf81962096e3e930d2cc2f6f0,0.27518,0.330089,0,0,0
omp,BJ,GKOCG,cuda,none,PBiCGStab,5,32,uc2n559.localdomain,de4f4bddf81962096e3e930d2cc2f6f0,0.27518,1.219081,0,0,0
omp,BJ,GKOCG,cuda,none,PBiCGStab,5,32,uc2n559.localdomain,de4f4bddf81962096e3e930d2cc2f6f0,0.27518,0.285287,0,0,0
omp,BJ,GKOCG,cuda,none,PBiCGStab,5,32,uc2n559.localdomain,de4f4bddf81962096e3e930d2cc2f6f0,0.27518,0.280359,0,0,0
omp,BJ,GKOCG,cuda,none,PBiCGStab,5,32,uc2n559.localdomain,de4f4bddf81962096e3e930d2cc2f6f0,0.27518,0.375631,0,0,0
omp,BJ,GKOCG,cuda,none,PBiCGStab,5,32,uc2n559.localdomain,de4f4bddf81962096e3e930d2cc2f6f0,0.27518,0.27049,0,0,0
omp,BJ,GKOCG,cuda,none,PBiCGStab,5,32,uc2n559.localdomain,de4f4bddf81962096e3e930d2cc2f6f0,0.27518,0.415479,0,0,0
omp,BJ,GKOCG,cuda,none,PBiCGStab,5,32,uc2n559.localdomain,de4f4bddf81962096e3e930d2cc2f6f0,0.27518,0.601793,0,0,0
omp,BJ,GKOCG,cuda,none,PBiCGStab,5,32,uc2n559.localdomain,de4f4bddf81962096e3e930d2cc2f6f0,0.27518,0.241964,0,0,0
omp,BJ,GKOCG,cuda,none,PBiCGStab,5,32,uc2n559.localdomain,de4f4bddf81962096e3e930d2cc2f6f0,0.27518,0.256044,0,0,0
omp,BJ,GKOCG,cuda,none,PBiCGStab,5,32,uc2n559.localdomain,de4f4bddf81962096e3e930d2cc2f6f0,0.27518,0.266313,0,0,0
omp,BJ,GKOCG,cuda,none,PBiCGStab,5,32,uc2n559.localdomain,de4f4bddf81962096e3e930d2cc2f6f0,0.27518,0.275263,0,0,0
omp,BJ,GKOCG,cuda,none,PBiCGStab,5,32,uc2n559.localdomain,de4f4bddf81962096e3e930d2cc2f6f0,0.27518,0.2382,0,0,0
omp,BJ,GKOCG,cuda,none,PBiCGStab,5,32,uc2n559.localdomain,de4f4bddf81962096e3e930d2cc2f6f0,0.27518,0.247819,0,0,0
omp,BJ,GKOCG,cuda,none,PBiCGStab,5,32,uc2n559.localdomain,de4f4bddf81962096e3e930d2cc2f6f0,0.27518,0.597536,0,0,0
omp,BJ,GKOCG,cuda,none,PBiCGStab,5,32,uc2n559.localdomain,de4f4bddf81962096e3e930d2cc2f6f0,0.27518,0.7935,0,0,0
omp,BJ,GKOCG,cuda,none,PBiCGStab,5,32,uc2n559.localdomain,de4f4bddf81962096e3e930d2cc2f6f0,0.27518,0.334067,0,0,0
omp,BJ,GKOCG,cuda,none,PBiCGStab,5,32,uc2n559.localdomain,de4f4bddf81962096e3e930d2cc2f6f0,0.27518,0.253864,0,0,0
omp,BJ,GKOCG,cuda,none,PBiCGStab,5,32,uc2n559.localdomain,de4f4bddf81962096e3e930d2cc2f6f0,0.27518,0.247655,0,0,0
omp,BJ,GKOCG,cuda,none,PBiCGStab,5,32,uc2n559.localdomain,de4f4bddf81962096e3e930d2cc2f6f0,0.27518,0.267624,0,0,0
omp,BJ,GKOCG,cuda,none,PBiCGStab,5,32,uc2n559.localdomain,de4f4bddf81962096e3e930d2cc2f6f0,0.27518,0.254184,0,0,0
omp,BJ,GKOCG,cuda,none,PBiCGStab,5,32,uc2n559.localdomain,de4f4bddf81962096e3e930d2cc2f6f0,0.27518,1.32737,0,0,0
omp,BJ,GKOCG,cuda,none,PBiCGStab,5,32,uc2n559.localdomain,de4f4bddf81962096e3e930d2cc2f6f0,0.27518,0.350584,0,0,0
omp,BJ,GKOCG,cuda,none,PBiCGStab,5,32,uc2n559.localdomain,de4f4bddf81962096e3e930d2cc2f6f0,0.27518,0.704798,0,0,0
omp,BJ,GKOCG,cuda,none,PBiCGStab,5,32,uc2n559.localdomain,de4f4bddf81962096e3e930d2cc2f6f0,0.27518,0.263866,0,0,0
omp,BJ,GKOCG,cuda,none,PBiCGStab,5,32,uc2n559.localdomain,de4f4bddf81962096e3e930d2cc2f6f0,0.27518,0.332599,0,0,0
omp,BJ,GKOCG,cuda,none,PBiCGStab,5,32,uc2n559.localdomain,de4f4bddf81962096e3e930d2cc2f6f0,0.27518,0.267352,0,0,0
omp,BJ,GKOCG,cuda,none,PBiCGStab,5,32,uc2n559.localdomain,de4f4bddf81962096e3e930d2cc2f6f0,0.27518,0.252054,0,0,0
omp,BJ,GKOCG,cuda,none,PBiCGStab,5,32,uc2n559.localdomain,de4f4bddf81962096e3e930d2cc2f6f0,0.27518,0.792326,0,0,0
omp,BJ,GKOCG,cuda,none,PBiCGStab,5,32,uc2n559.localdomain,de4f4bddf81962096e3e930d2cc2f6f0,0.27518,0.355697,0,0,0
omp,BJ,GKOCG,cuda,none,PBiCGStab,5,32,uc2n559.localdomain,de4f4bddf81962096e3e930d2cc2f6f0,0.27518,0.307991,0,0,0
omp,BJ,GKOCG,cuda,none,PBiCGStab,5,32,uc2n559.localdomain,de4f4bddf81962096e3e930d2cc2f6f0,0.27518,0.246777,0,0,0
omp,BJ,GKOCG,cuda,none,PBiCGStab,5,32,uc2n559.localdomain,de4f4bddf81962096e3e930d2cc2f6f0,0.27518,0.259227,0,0,0
omp,BJ,GKOCG,cuda,none,PBiCGStab,5,32,uc2n559.localdomain,de4f4bddf81962096e3e930d2cc2f6f0,0.27518,0.258711,0,0,0
omp,BJ,GKOCG,cuda,none,PBiCGStab,5,32,uc2n559.localdomain,de4f4bddf81962096e3e930d2cc2f6f0,0.27518,0.311352,0,0,0
omp,BJ,GKOCG,cuda,none,PBiCGStab,5,32,uc2n559.localdomain,de4f4bddf81962096e3e930d2cc2f6f0,0.27518,0.264636,0,0,0
omp,BJ,GKOCG,cuda,none,PBiCGStab,5,32,uc2n559.localdomain,de4f4bddf81962096e3e930d2cc2f6f0,0.27518,0.290271,0,0,0
omp,none,GKOBiCGStab,cuda,none,PBiCGStab,5,32,uc2n559.localdomain,aa689c128ce5f47573bf276de5697522,0.303561,0.311113,0,0,0
omp,none,GKOBiCGStab,cuda,none,PBiCGStab,5,32,uc2n559.localdomain,aa689c128ce5f47573bf276de5697522,0.303561,0.313601,0,0,0
omp,none,GKOBiCGStab,cuda,none,PBiCGStab,5,32,uc2n559.localdomain,aa689c128ce5f47573bf276de5697522,0.303561,0.346126,0,0,0
omp,none,GKOBiCGStab,cuda,none,PBiCGStab,5,32,uc2n559.localdomain,aa689c128ce5f47573bf276de5697522,0.303561,0.339508,0,0,0
omp,none,GKOBiCGStab,cuda,none,PBiCGStab,5,32,uc2n559.localdomain,aa689c128ce5f47573bf276de5697522,0.303561,0.275769,0,0,0
omp,none,GKOBiCGStab,cuda,none,PBiCGStab,5,32,uc2n559.localdomain,aa689c128ce5f47573bf276de5697522,0.303561,0.298541,0,0,0
omp,none,GKOBiCGStab,cuda,none,PBiCGStab,5,32,uc2n559.localdomain,aa689c128ce5f47573bf276de5697522,0.303561,0.254472,0,0,0
omp,none,GKOBiCGStab,cuda,none,PBiCGStab,5,32,uc2n559.localdomain,aa689c128ce5f47573bf276de5697522,0.303561,0.243131,0,0,0
omp,none,GKOBiCGStab,cuda,none,PBiCGStab,5,32,uc2n559.localdomain,aa689c128ce5f47573bf276de5697522,0.303561,0.274981,0,0,0
omp,none,GKOBiCGStab,cuda,none,PBiCGStab,5,32,uc2n559.localdomain,aa689c128ce5f47573bf276de5697522,0.303561,0.320499,0,0,0
omp,none,GKOBiCGStab,cuda,none,PBiCGStab,5,32,uc2n559.localdomain,aa689c128ce5f47573bf276de5697522,0.303561,0.272877,0,0,0
omp,none,GKOBiCGStab,cuda,none,PBiCGStab,5,32,uc2n559.localdomain,aa689c128ce5f47573bf276de5697522,0.303561,1.025105,0,0,0
omp,none,GKOBiCGStab,cuda,none,PBiCGStab,5,32,uc2n559.localdomain,aa689c128ce5f47573bf276de5697522,0.303561,1.153675,0,0,0
omp,none,GKOBiCGStab,cuda,none,PBiCGStab,5,32,uc2n559.localdomain,aa689c128ce5f47573bf276de5697522,0.303561,0.284191,0,0,0
omp,none,GKOBiCGStab,cuda,none,PBiCGStab,5,32,uc2n559.localdomain,aa689c128ce5f47573bf276de5697522,0.303561,0.275221,0,0,0
omp,none,GKOBiCGStab,cuda,none,PBiCGStab,5,32,uc2n559.localdomain,aa689c128ce5f47573bf276de5697522,0.303561,0.326713,0,0,0
omp,none,GKOBiCGStab,cuda,none,PBiCGStab,5,32,uc2n559.localdomain,aa689c128ce5f47573bf276de5697522,0.303561,0.366209,0,0,0
omp,none,GKOBiCGStab,cuda,none,PBiCGStab,5,32,uc2n559.localdomain,aa689c128ce5f47573bf276de5697522,0.303561,0.300751,0,0,0
omp,none,GKOBiCGStab,cuda,none,PBiCGStab,5,32,uc2n559.localdomain,aa689c128ce5f47573bf276de5697522,0.303561,0.289196,0,0,0
omp,none,GKOBiCGStab,cuda,none,PBiCGStab,5,32,uc2n559.localdomain,aa689c128ce5f47573bf276de5697522,0.303561,0.303181,0,0,0
omp,none,GKOBiCGStab,cuda,none,PBiCGStab,5,32,uc2n559.localdomain,aa689c128ce5f47573bf276de5697522,0.303561,0.288454,0,0,0
omp,none,GKOBiCGStab,cuda,none,PBiCGStab,5,32,uc2n559.localdomain,aa689c128ce5f47573bf276de5697522,0.303561,0.305838,0,0,0
omp,none,GKOBiCGStab,cuda,none,PBiCGStab,5,32,uc2n559.localdomain,aa689c128ce5f47573bf276de5697522,0.303561,0.335822,0,0,0
omp,none,GKOBiCGStab,cuda,none,PBiCGStab,5,32,uc2n559.localdomain,aa689c128ce5f47573bf276de5697522,0.303561,0.354816,0,0,0
omp,none,GKOBiCGStab,cuda,none,PBiCGStab,5,32,uc2n559.localdomain,aa689c128ce5f47573bf276de5697522,0.303561,0.278531,0,0,0
omp,none,GKOBiCGStab,cuda,none,PBiCGStab,5,32,uc2n559.localdomain,aa689c128ce5f47573bf276de5697522,0.303561,0.30246,0,0,0
omp,none,GKOBiCGStab,cuda,none,PBiCGStab,5,32,uc2n559.localdomain,aa689c128ce5f47573bf276de5697522,0.303561,0.265573,0,0,0
omp,none,GKOBiCGStab,cuda,none,PBiCGStab,5,32,uc2n559.localdomain,aa689c128ce5f47573bf276de5697522,0.303561,0.290791,0,0,0
omp,none,GKOBiCGStab,cuda,none,PBiCGStab,5,32,uc2n559.localdomain,aa689c128ce5f47573bf276de5697522,0.303561,0.311636,0,0,0
omp,none,GKOBiCGStab,cuda,none,PBiCGStab,5,32,uc2n559.localdomain,aa689c128ce5f47573bf276de5697522,0.303561,0.556784,0,0,0
omp,none,GKOBiCGStab,cuda,none,PBiCGStab,5,32,uc2n559.localdomain,aa689c128ce5f47573bf276de5697522,0.303561,0.609636,0,0,0
omp,none,GKOBiCGStab,cuda,none,PBiCGStab,5,32,uc2n559.localdomain,aa689c128ce5f47573bf276de5697522,0.303561,0.294822,0,0,0
omp,none,GKOBiCGStab,cuda,none,PBiCGStab,5,32,uc2n559.localdomain,aa689c128ce5f47573bf276de5697522,0.303561,0.335407,0,0,0
omp,none,GKOBiCGStab,cuda,none,PBiCGStab,5,32,uc2n559.localdomain,aa689c128ce5f47573bf276de5697522,0.303561,0.600411,0,0,0
omp,none,GKOBiCGStab,cuda,none,PBiCGStab,5,32,uc2n559.localdomain,aa689c128ce5f47573bf276de5697522,0.303561,0.388492,0,0,0
omp,none,GKOBiCGStab,cuda,none,PBiCGStab,5,32,uc2n559.localdomain,aa689c128ce5f47573bf276de5697522,0.303561,0.742182,0,0,0
omp,none,GKOBiCGStab,cuda,none,PBiCGStab,5,32,uc2n559.localdomain,aa689c128ce5f47573bf276de5697522,0.303561,0.299262,0,0,0
omp,none,GKOBiCGStab,cuda,none,PBiCGStab,5,32,uc2n559.localdomain,aa689c128ce5f47573bf276de5697522,0.303561,0.236381,0,0,0
omp,none,GKOBiCGStab,cuda,none,PBiCGStab,5,32,uc2n559.localdomain,aa689c128ce5f47573bf276de5697522,0.303561,0.380475,0,0,0
omp,none,GKOBiCGStab,cuda,none,PBiCGStab,5,32,uc2n559.localdomain,aa689c128ce5f47573bf276de5697522,0.303561,0.299324,0,0,0
omp,none,GKOBiCGStab,cuda,none,PBiCGStab,5,32,uc2n559.localdomain,aa689c128ce5f47573bf276de5697522,0.303561,0.288094,0,0,0
omp,none,GKOBiCGStab,cuda,none,PBiCGStab,5,32,uc2n559.localdomain,aa689c128ce5f47573bf276de5697522,0.303561,0.294705,0,0,0
omp,none,GKOBiCGStab,cuda,none,PBiCGStab,5,32,uc2n559.localdomain,aa689c128ce5f47573bf276de5697522,0.303561,0.280674,0,0,0
omp,none,GKOBiCGStab,cuda,none,PBiCGStab,5,32,uc2n559.localdomain,aa689c128ce5f47573bf276de5697522,0.303561,0.296198,0,0,0
omp,none,GKOBiCGStab,cuda,none,PBiCGStab,5,32,uc2n559.localdomain,aa689c128ce5f47573bf276de5697522,0.303561,0.308786,0,0,0
omp,none,GKOBiCGStab,cuda,none,PBiCGStab,5,32,uc2n559.localdomain,aa689c128ce5f47573bf276de5697522,0.303561,0.279603,0,0,0
omp,none,GKOBiCGStab,cuda,none,PBiCGStab,5,32,uc2n559.localdomain,aa689c128ce5f47573bf276de5697522,0.303561,0.361764,0,0,0
omp,none,GKOBiCGStab,cuda,none,PBiCGStab,5,32,uc2n559.localdomain,aa689c128ce5f47573bf276de5697522,0.303561,0.294964,0,0,0
omp,none,GKOBiCGStab,cuda,none,PBiCGStab,5,32,uc2n559.localdomain,aa689c128ce5f47573bf276de5697522,0.303561,0.299489,0,0,0
omp,none,GKOBiCGStab,cuda,none,PBiCGStab,5,32,uc2n559.localdomain,aa689c128ce5f47573bf276de5697522,0.303561,0.290864,0,0,0
omp,none,GKOBiCGStab,cuda,none,PBiCGStab,5,32,uc2n559.localdomain,aa689c128ce5f47573bf276de5697522,0.303561,0.300783,0,0,0
omp,none,GKOBiCGStab,cuda,none,PBiCGStab,5,32,uc2n559.localdomain,aa689c128ce5f47573bf276de5697522,0.303561,0.272712,0,0,0
omp,none,GKOBiCGStab,cuda,none,PBiCGStab,5,32,uc2n559.localdomain,aa689c128ce5f47573bf276de5697522,0.303561,1.098034,0,0,0
omp,none,GKOBiCGStab,cuda,none,PBiCGStab,5,32,uc2n559.localdomain,aa689c128ce5f47573bf276de5697522,0.303561,0.376405,0,0,0
omp,BJ,GKOBiCGStab,cuda,none,PBiCGStab,5,32,uc2n559.localdomain,a680678c89a161fd734fcfda5318d74e,0.247588,0.521246,0,0,0
omp,BJ,GKOBiCGStab,cuda,none,PBiCGStab,5,32,uc2n559.localdomain,a680678c89a161fd734fcfda5318d74e,0.247588,0.283105,0,0,0
omp,BJ,GKOBiCGStab,cuda,none,PBiCGStab,5,32,uc2n559.localdomain,a680678c89a161fd734fcfda5318d74e,0.247588,0.291347,0,0,0
omp,BJ,GKOBiCGStab,cuda,none,PBiCGStab,5,32,uc2n559.localdomain,a680678c89a161fd734fcfda5318d74e,0.247588,0.327881,0,0,0
omp,BJ,GKOBiCGStab,cuda,none,PBiCGStab,5,32,uc2n559.localdomain,a680678c89a161fd734fcfda5318d74e,0.247588,0.344871,0,0,0
omp,BJ,GKOBiCGStab,cuda,none,PBiCGStab,5,32,uc2n559.localdomain,a680678c89a161fd734fcfda5318d74e,0.247588,0.270391,0,0,0
omp,BJ,GKOBiCGStab,cuda,none,PBiCGStab,5,32,uc2n559.localdomain,a680678c89a161fd734fcfda5318d74e,0.247588,0.472031,0,0,0
omp,BJ,GKOBiCGStab,cuda,none,PBiCGStab,5,32,uc2n559.localdomain,a680678c89a161fd734fcfda5318d74e,0.247588,0.378251,0,0,0
omp,BJ,GKOBiCGStab,cuda,none,PBiCGStab,5,32,uc2n559.localdomain,a680678c89a161fd734fcfda5318d74e,0.247588,0.304885,0,0,0
omp,BJ,GKOBiCGStab,cuda,none,PBiCGStab,5,32,uc2n559.localdomain,a680678c89a161fd734fcfda5318d74e,0.247588,0.299545,0,0,0
omp,BJ,GKOBiCGStab,cuda,none,PBiCGStab,5,32,uc2n559.localdomain,a680678c89a161fd734fcfda5318d74e,0.247588,0.249191,0,0,0
omp,BJ,GKOBiCGStab,cuda,none,PBiCGStab,5,32,uc2n559.localdomain,a680678c89a161fd734fcfda5318d74e,0.247588,0.249125,0,0,0
omp,BJ,GKOBiCGStab,cuda,none,PBiCGStab,5,32,uc2n559.localdomain,a680678c89a161fd734fcfda5318d74e,0.247588,0.301609,0,0,0
omp,BJ,GKOBiCGStab,cuda,none,PBiCGStab,5,32,uc2n559.localdomain,a680678c89a161fd734fcfda5318d74e,0.247588,0.277844,0,0,0
omp,BJ,GKOBiCGStab,cuda,none,PBiCGStab,5,32,uc2n559.localdomain,a680678c89a161fd734fcfda5318d74e,0.247588,0.340374,0,0,0
omp,BJ,GKOBiCGStab,cuda,none,PBiCGStab,5,32,uc2n559.localdomain,a680678c89a161fd734fcfda5318d74e,0.247588,0.249878,0,0,0
omp,BJ,GKOBiCGStab,cuda,none,PBiCGStab,5,32,uc2n559.localdomain,a680678c89a161fd734fcfda5318d74e,0.247588,0.487987,0,0,0
omp,BJ,GKOBiCGStab,cuda,none,PBiCGStab,5,32,uc2n559.localdomain,a680678c89a161fd734fcfda5318d74e,0.247588,0.295648,0,0,0
omp,BJ,GKOBiCGStab,cuda,none,PBiCGStab,5,32,uc2n559.localdomain,a680678c89a161fd734fcfda5318d74e,0.247588,0.265806,0,0,0
omp,BJ,GKOBiCGStab,cuda,none,PBiCGStab,5,32,uc2n559.localdomain,a680678c89a161fd734fcfda5318d74e,0.247588,0.273195,0,0,0
omp,BJ,GKOBiCGStab,cuda,none,PBiCGStab,5,32,uc2n559.localdomain,a680678c89a161fd734fcfda5318d74e,0.247588,0.256408,0,0,0
omp,BJ,GKOBiCGStab,cuda,none,PBiCGStab,5,32,uc2n559.localdomain,a680678c89a161fd734fcfda5318d74e,0.247588,0.253217,0,0,0
omp,BJ,GKOBiCGStab,cuda,none,PBiCGStab,5,32,uc2n559.localdomain,a680678c89a161fd734fcfda5318d74e,0.247588,0.35832,0,0,0
omp,BJ,GKOBiCGStab,cuda,none,PBiCGStab,5,32,uc2n559.localdomain,a680678c89a161fd734fcfda5318d74e,0.247588,0.273885,0,0,0
omp,BJ,GKOBiCGStab,cuda,none,PBiCGStab,5,32,uc2n559.localdomain,a680678c89a161fd734fcfda5318d74e,0.247588,0.296234,0,0,0
omp,BJ,GKOBiCGStab,cuda,none,PBiCGStab,5,32,uc2n559.localdomain,a680678c89a161fd734fcfda5318d74e,0.247588,0.268197,0,0,0
omp,BJ,GKOBiCGStab,cuda,none,PBiCGStab,5,32,uc2n559.localdomain,a680678c89a161fd734fcfda5318d74e,0.247588,0.343125,0,0,0
omp,BJ,GKOBiCGStab,cuda,none,PBiCGStab,5,32,uc2n559.localdomain,a680678c89a161fd734fcfda5318d74e,0.247588,0.313811,0,0,0
omp,BJ,GKOBiCGStab,cuda,none,PBiCGStab,5,32,uc2n559.localdomain,a680678c89a161fd734fcfda5318d74e,0.247588,1.250997,0,0,0
omp,BJ,GKOBiCGStab,cuda,none,PBiCGStab,5,32,uc2n559.localdomain,a680678c89a161fd734fcfda5318d74e,0.247588,0.322785,0,0,0
omp,BJ,GKOBiCGStab,cuda,none,PBiCGStab,5,32,uc2n559.localdomain,a680678c89a161fd734fcfda5318d74e,0.247588,0.252512,0,0,0
omp,BJ,GKOBiCGStab,cuda,none,PBiCGStab,5,32,uc2n559.localdomain,a680678c89a161fd734fcfda5318d74e,0.247588,0.368606,0,0,0
omp,BJ,GKOBiCGStab,cuda,none,PBiCGStab,5,32,uc2n559.localdomain,a680678c89a161fd734fcfda5318d74e,0.247588,0.277177,0,0,0
omp,BJ,GKOBiCGStab,cuda,none,PBiCGStab,5,32,uc2n559.localdomain,a680678c89a161fd734fcfda5318d74e,0.247588,0.27449,0,0,0
omp,BJ,GKOBiCGStab,cuda,none,PBiCGStab,5,32,uc2n559.localdomain,a680678c89a161fd734fcfda5318d74e,0.247588,0.288859,0,0,0
omp,BJ,GKOBiCGStab,cuda,none,PBiCGStab,5,32,uc2n559.localdomain,a680678c89a161fd734fcfda5318d74e,0.247588,0.356774,0,0,0
omp,BJ,GKOBiCGStab,cuda,none,PBiCGStab,5,32,uc2n559.localdomain,a680678c89a161fd734fcfda5318d74e,0.247588,0.396862,0,0,0
omp,BJ,GKOBiCGStab,cuda,none,PBiCGStab,5,32,uc2n559.localdomain,a680678c89a161fd734fcfda5318d74e,0.247588,0.297511,0,0,0
omp,BJ,GKOBiCGStab,cuda,none,PBiCGStab,5,32,uc2n559.localdomain,a680678c89a161fd734fcfda5318d74e,0.247588,0.291236,0,0,0
omp,BJ,GKOBiCGStab,cuda,none,PBiCGStab,5,32,uc2n559.localdomain,a680678c89a161fd734fcfda5318d74e,0.247588,0.433792,0,0,0
omp,BJ,GKOBiCGStab,cuda,none,PBiCGStab,5,32,uc2n559.localdomain,a680678c89a161fd734fcfda5318d74e,0.247588,0.270381,0,0,0
omp,BJ,GKOBiCGStab,cuda,none,PBiCGStab,5,32,uc2n559.localdomain,a680678c89a161fd734fcfda5318d74e,0.247588,0.337443,0,0,0
omp,BJ,GKOBiCGStab,cuda,none,PBiCGStab,5,32,uc2n559.localdomain,a680678c89a161fd734fcfda5318d74e,0.247588,0.516742,0,0,0
omp,BJ,GKOBiCGStab,cuda,none,PBiCGStab,5,32,uc2n559.localdomain,a680678c89a161fd734fcfda5318d74e,0.247588,2.073002,0,0,0
omp,BJ,GKOBiCGStab,cuda,none,PBiCGStab,5,32,uc2n559.localdomain,a680678c89a161fd734fcfda5318d74e,0.247588,0.261857,0,0,0
omp,BJ,GKOBiCGStab,cuda,none,PBiCGStab,5,32,uc2n559.localdomain,a680678c89a161fd734fcfda5318d74e,0.247588,0.250884,0,0,0
omp,BJ,GKOBiCGStab,cuda,none,PBiCGStab,5,32,uc2n559.localdomain,a680678c89a161fd734fcfda5318d74e,0.247588,0.310338,0,0,0
omp,BJ,GKOBiCGStab,cuda,none,PBiCGStab,5,32,uc2n559.localdomain,a680678c89a161fd734fcfda5318d74e,0.247588,0.302764,0,0,0
omp,BJ,GKOBiCGStab,cuda,none,PBiCGStab,5,32,uc2n559.localdomain,a680678c89a161fd734fcfda5318d74e,0.247588,0.307329,0,0,0
omp,BJ,GKOBiCGStab,cuda,none,PBiCGStab,5,32,uc2n559.localdomain,a680678c89a161fd734fcfda5318d74e,0.247588,0.301612,0,0,0
omp,BJ,GKOBiCGStab,cuda,none,PBiCGStab,5,32,uc2n559.localdomain,a680678c89a161fd734fcfda5318d74e,0.247588,0.329462,0,0,0
omp,BJ,GKOBiCGStab,cuda,none,PBiCGStab,5,32,uc2n559.localdomain,a680678c89a161fd734fcfda5318d74e,0.247588,0.299399,0,0,0
omp,BJ,GKOBiCGStab,cuda,none,PBiCGStab,5,32,uc2n559.localdomain,a680678c89a161fd734fcfda5318d74e,0.247588,0.238341,0,0,0
omp,BJ,GKOBiCGStab,cuda,none,PBiCGStab,5,32,uc2n559.localdomain,a680678c89a161fd734fcfda5318d74e,0.247588,0.30225,0,0,0
omp,BJ,GKOBiCGStab,cuda,none,PBiCGStab,5,32,uc2n559.localdomain,a680678c89a161fd734fcfda5318d74e,0.247588,0.485059,0,0,0
omp,none,GKOIR,cuda,none,PBiCGStab,5,32,uc2n559.localdomain,54028c2d20aadfd08740ff63da8ba52a,0.30214,0.339714,0,0,0
omp,none,GKOIR,cuda,none,PBiCGStab,5,32,uc2n559.localdomain,54028c2d20aadfd08740ff63da8ba52a,0.30214,1.669672,0,0,0
omp,none,GKOIR,cuda,none,PBiCGStab,5,32,uc2n559.localdomain,54028c2d20aadfd08740ff63da8ba52a,0.30214,0.460971,0,0,0
omp,none,GKOIR,cuda,none,PBiCGStab,5,32,uc2n559.localdomain,54028c2d20aadfd08740ff63da8ba52a,0.30214,0.488198,0,0,0
omp,none,GKOIR,cuda,none,PBiCGStab,5,32,uc2n559.localdomain,54028c2d20aadfd08740ff63da8ba52a,0.30214,1.156742,0,0,0
omp,none,GKOIR,cuda,none,PBiCGStab,5,32,uc2n559.localdomain,54028c2d20aadfd08740ff63da8ba52a,0.30214,0.299592,0,0,0
omp,none,GKOIR,cuda,none,PBiCGStab,5,32,uc2n559.localdomain,54028c2d20aadfd08740ff63da8ba52a,0.30214,0.268706,0,0,0
omp,none,GKOIR,cuda,none,PBiCGStab,5,32,uc2n559.localdomain,54028c2d20aadfd08740ff63da8ba52a,0.30214,0.787406,0,0,0
omp,none,GKOIR,cuda,none,PBiCGStab,5,32,uc2n559.localdomain,54028c2d20aadfd08740ff63da8ba52a,0.30214,0.285052,0,0,0
omp,none,GKOIR,cuda,none,PBiCGStab,5,32,uc2n559.localdomain,54028c2d20aadfd08740ff63da8ba52a,0.30214,0.52835,0,0,0
omp,none,GKOIR,cuda,none,PBiCGStab,5,32,uc2n559.localdomain,54028c2d20aadfd08740ff63da8ba52a,0.30214,0.479507,0,0,0
omp,none,GKOIR,cuda,none,PBiCGStab,5,32,uc2n559.localdomain,54028c2d20aadfd08740ff63da8ba52a,0.30214,1.523542,0,0,0
omp,none,GKOIR,cuda,none,PBiCGStab,5,32,uc2n559.localdomain,54028c2d20aadfd08740ff63da8ba52a,0.30214,0.278677,0,0,0
omp,none,GKOIR,cuda,none,PBiCGStab,5,32,uc2n559.localdomain,54028c2d20aadfd08740ff63da8ba52a,0.30214,0.445268,0,0,0
omp,none,GKOIR,cuda,none,PBiCGStab,5,32,uc2n559.localdomain,54028c2d20aadfd08740ff63da8ba52a,0.30214,0.30378,0,0,0
omp,none,GKOIR,cuda,none,PBiCGStab,5,32,uc2n559.localdomain,54028c2d20aadfd08740ff63da8ba52a,0.30214,0.314998,0,0,0
omp,none,GKOIR,cuda,none,PBiCGStab,5,32,uc2n559.localdomain,54028c2d20aadfd08740ff63da8ba52a,0.30214,1.70323,0,0,0
omp,none,GKOIR,cuda,none,PBiCGStab,5,32,uc2n559.localdomain,54028c2d20aadfd08740ff63da8ba52a,0.30214,1.194698,0,0,0
omp,none,GKOIR,cuda,none,PBiCGStab,5,32,uc2n559.localdomain,54028c2d20aadfd08740ff63da8ba52a,0.30214,0.280743,0,0,0
omp,none,GKOIR,cuda,none,PBiCGStab,5,32,uc2n559.localdomain,54028c2d20aadfd08740ff63da8ba52a,0.30214,1.101725,0,0,0
omp,none,GKOIR,cuda,none,PBiCGStab,5,32,uc2n559.localdomain,54028c2d20aadfd08740ff63da8ba52a,0.30214,0.314637,0,0,0
omp,none,GKOIR,cuda,none,PBiCGStab,5,32,uc2n559.localdomain,54028c2d20aadfd08740ff63da8ba52a,0.30214,0.313103,0,0,0
omp,none,GKOIR,cuda,none,PBiCGStab,5,32,uc2n559.localdomain,54028c2d20aadfd08740ff63da8ba52a,0.30214,0.339216,0,0,0
omp,none,GKOIR,cuda,none,PBiCGStab,5,32,uc2n559.localdomain,54028c2d20aadfd08740ff63da8ba52a,0.30214,0.345571,0,0,0
omp,none,GKOIR,cuda,none,PBiCGStab,5,32,uc2n559.localdomain,54028c2d20aadfd08740ff63da8ba52a,0.30214,0.268683,0,0,0
omp,none,GKOIR,cuda,none,PBiCGStab,5,32,uc2n559.localdomain,54028c2d20aadfd08740ff63da8ba52a,0.30214,0.335772,0,0,0
omp,none,GKOIR,cuda,none,PBiCGStab,5,32,uc2n559.localdomain,54028c2d20aadfd08740ff63da8ba52a,0.30214,0.349015,0,0,0
omp,none,GKOIR,cuda,none,PBiCGStab,5,32,uc2n559.localdomain,54028c2d20aadfd08740ff63da8ba52a,0.30214,0.294138,0,0,0
omp,none,GKOIR,cuda,none,PBiCGStab,5,32,uc2n559.localdomain,54028c2d20aadfd08740ff63da8ba52a,0.30214,0.337625,0,0,0
omp,none,GKOIR,cuda,none,PBiCGStab,5,32,uc2n559.localdomain,54028c2d20aadfd08740ff63da8ba52a,0.30214,0.290353,0,0,0
omp,none,GKOIR,cuda,none,PBiCGStab,5,32,uc2n559.localdomain,54028c2d20aadfd08740ff63da8ba52a,0.30214,0.324126,0,0,0
omp,none,GKOIR,cuda,none,PBiCGStab,5,32,uc2n559.localdomain,54028c2d20aadfd08740ff63da8ba52a,0.30214,0.305153,0,0,0
omp,none,GKOIR,cuda,none,PBiCGStab,5,32,uc2n559.localdomain,54028c2d20aadfd08740ff63da8ba52a,0.30214,0.303578,0,0,0
omp,none,GKOIR,cuda,none,PBiCGStab,5,32,uc2n559.localdomain,54028c2d20aadfd08740ff63da8ba52a,0.30214,0.326267,0,0,0
omp,none,GKOIR,cuda,none,PBiCGStab,5,32,uc2n559.localdomain,54028c2d20aadfd08740ff63da8ba52a,0.30214,0.364833,0,0,0
omp,none,GKOIR,cuda,none,PBiCGStab,5,32,uc2n559.localdomain,54028c2d20aadfd08740ff63da8ba52a,0.30214,0.285466,0,0,0
omp,none,GKOIR,cuda,none,PBiCGStab,5,32,uc2n559.localdomain,54028c2d20aadfd08740ff63da8ba52a,0.30214,0.331392,0,0,0
omp,none,GKOIR,cuda,none,PBiCGStab,5,32,uc2n559.localdomain,54028c2d20aadfd08740ff63da8ba52a,0.30214,0.337415,0,0,0
omp,none,GKOIR,cuda,none,PBiCGStab,5,32,uc2n559.localdomain,54028c2d20aadfd08740ff63da8ba52a,0.30214,0.281087,0,0,0
omp,none,GKOIR,cuda,none,PBiCGStab,5,32,uc2n559.localdomain,54028c2d20aadfd08740ff63da8ba52a,0.30214,0.430135,0,0,0
omp,none,GKOCG,cuda,none,PBiCGStab,15,32,uc2n559.localdomain,7ba9c2e2ca3bbde15525af40d09a61ce,1.329029,0.487864,0,0,0
omp,none,GKOCG,cuda,none,PBiCGStab,15,32,uc2n559.localdomain,7ba9c2e2ca3bbde15525af40d09a61ce,1.329029,0.649426,0,0,0
omp,none,GKOCG,cuda,none,PBiCGStab,15,32,uc2n559.localdomain,7ba9c2e2ca3bbde15525af40d09a61ce,1.329029,0.432037,0,0,0
omp,none,GKOCG,cuda,none,PBiCGStab,15,32,uc2n559.localdomain,7ba9c2e2ca3bbde15525af40d09a61ce,1.329029,2.128932,0,0,0
omp,none,GKOCG,cuda,none,PBiCGStab,15,32,uc2n559.localdomain,7ba9c2e2ca3bbde15525af40d09a61ce,1.329029,0.373,0,0,0
omp,none,GKOCG,cuda,none,PBiCGStab,15,32,uc2n559.localdomain,7ba9c2e2ca3bbde15525af40d09a61ce,1.329029,0.401673,0,0,0
omp,none,GKOCG,cuda,none,PBiCGStab,15,32,uc2n559.localdomain,7ba9c2e2ca3bbde15525af40d09a61ce,1.329029,0.408551,0,0,0
omp,none,GKOCG,cuda,none,PBiCGStab,15,32,uc2n559.localdomain,7ba9c2e2ca3bbde15525af40d09a61ce,1.329029,1.136187,0,0,0
omp,none,GKOCG,cuda,none,PBiCGStab,15,32,uc2n559.localdomain,7ba9c2e2ca3bbde15525af40d09a61ce,1.329029,1.114198,0,0,0
omp,none,GKOCG,cuda,none,PBiCGStab,15,32,uc2n559.localdomain,7ba9c2e2ca3bbde15525af40d09a61ce,1.329029,1.485243,0,0,0
omp,none,GKOCG,cuda,none,PBiCGStab,15,32,uc2n559.localdomain,7ba9c2e2ca3bbde15525af40d09a61ce,1.329029,0.391685,0,0,0
omp,none,GKOCG,cuda,none,PBiCGStab,15,32,uc2n559.localdomain,7ba9c2e2ca3bbde15525af40d09a61ce,1.329029,0.36572,0,0,0
omp,none,GKOCG,cuda,none,PBiCGStab,15,32,uc2n559.localdomain,7ba9c2e2ca3bbde15525af40d09a61ce,1.329029,0.363761,0,0,0
omp,none,GKOCG,cuda,none,PBiCGStab,15,32,uc2n559.localdomain,7ba9c2e2ca3bbde15525af40d09a61ce,1.329029,1.440922,0,0,0
omp,none,GKOCG,cuda,none,PBiCGStab,15,32,uc2n559.localdomain,7ba9c2e2ca3bbde15525af40d09a61ce,1.329029,0.348576,0,0,0
omp,none,GKOCG,cuda,none,PBiCGStab,15,32,uc2n559.localdomain,7ba9c2e2ca3bbde15525af40d09a61ce,1.329029,0.394984,0,0,0
omp,none,GKOCG,cuda,none,PBiCGStab,15,32,uc2n559.localdomain,7ba9c2e2ca3bbde15525af40d09a61ce,1.329029,0.31968,0,0,0
omp,none,GKOCG,cuda,none,PBiCGStab,15,32,uc2n559.localdomain,7ba9c2e2ca3bbde15525af40d09a61ce,1.329029,1.131392,0,0,0
omp,none,GKOCG,cuda,none,PBiCGStab,15,32,uc2n559.localdomain,7ba9c2e2ca3bbde15525af40d09a61ce,1.329029,0.435667,0,0,0
omp,none,GKOCG,cuda,none,PBiCGStab,15,32,uc2n559.localdomain,7ba9c2e2ca3bbde15525af40d09a61ce,1.329029,0.398182,0,0,0
omp,none,GKOCG,cuda,none,PBiCGStab,15,32,uc2n559.localdomain,7ba9c2e2ca3bbde15525af40d09a61ce,1.329029,0.3682,0,0,0
omp,none,GKOCG,cuda,none,PBiCGStab,15,32,uc2n559.localdomain,7ba9c2e2ca3bbde15525af40d09a61ce,1.329029,0.386521,0,0,0
omp,none,GKOCG,cuda,none,PBiCGStab,15,32,uc2n559.localdomain,7ba9c2e2ca3bbde15525af40d09a61ce,1.329029,0.319922,0,0,0
omp,none,GKOCG,cuda,none,PBiCGStab,15,32,uc2n559.localdomain,7ba9c2e2ca3bbde15525af40d09a61ce,1.329029,0.393614,0,0,0
omp,none,GKOCG,cuda,none,PBiCGStab,15,32,uc2n559.localdomain,7ba9c2e2ca3bbde15525af40d09a61ce,1.329029,0.338752,0,0,0
omp,none,GKOCG,cuda,none,PBiCGStab,15,32,uc2n559.localdomain,7ba9c2e2ca3bbde15525af40d09a61ce,1.329029,2.138922,0,0,0
omp,none,GKOCG,cuda,none,PBiCGStab,15,32,uc2n559.localdomain,7ba9c2e2ca3bbde15525af40d09a61ce,1.329029,0.384109,0,0,0
omp,none,GKOCG,cuda,none,PBiCGStab,15,32,uc2n559.localdomain,7ba9c2e2ca3bbde15525af40d09a61ce,1.329029,0.945435,0,0,0
omp,none,GKOCG,cuda,none,PBiCGStab,15,32,uc2n559.localdomain,7ba9c2e2ca3bbde15525af40d09a61ce,1.329029,0.360499,0,0,0
omp,none,GKOCG,cuda,none,PBiCGStab,15,32,uc2n559.localdomain,7ba9c2e2ca3bbde15525af40d09a61ce,1.329029,0.646548,0,0,0
omp,BJ,GKOCG,cuda,none,PBiCGStab,15,32,uc2n559.localdomain,e9ebfd09cb44a214dbee8da76b806809,0.327238,0.504101,0,0,0
omp,BJ,GKOCG,cuda,none,PBiCGStab,15,32,uc2n559.localdomain,e9ebfd09cb44a214dbee8da76b806809,0.327238,0.534111,0,0,0
omp,BJ,GKOCG,cuda,none,PBiCGStab,15,32,uc2n559.localdomain,e9ebfd09cb44a214dbee8da76b806809,0.327238,0.387244,0,0,0
omp,BJ,GKOCG,cuda,none,PBiCGStab,15,32,uc2n559.localdomain,e9ebfd09cb44a214dbee8da76b806809,0.327238,0.321216,0,0,0
omp,BJ,GKOCG,cuda,none,PBiCGStab,15,32,uc2n559.localdomain,e9ebfd09cb44a214dbee8da76b806809,0.327238,0.379853,0,0,0
omp,BJ,GKOCG,cuda,none,PBiCGStab,15,32,uc2n559.localdomain,e9ebfd09cb44a214dbee8da76b806809,0.327238,0.343094,0,0,0
omp,BJ,GKOCG,cuda,none,PBiCGStab,15,32,uc2n559.localdomain,e9ebfd09cb44a214dbee8da76b806809,0.327238,0.298306,0,0,0
omp,BJ,GKOCG,cuda,none,PBiCGStab,15,32,uc2n559.localdomain,e9ebfd09cb44a214dbee8da76b806809,0.327238,1.096254,0,0,0
omp,BJ,GKOCG,cuda,none,PBiCGStab,15,32,uc2n559.localdomain,e9ebfd09cb44a214dbee8da76b806809,0.327238,0.367095,0,0,0
omp,BJ,GKOCG,cuda,none,PBiCGStab,15,32,uc2n559.localdomain,e9ebfd09cb44a214dbee8da76b806809,0.327238,0.329822,0,0,0
omp,BJ,GKOCG,cuda,none,PBiCGStab,15,32,uc2n559.localdomain,e9ebfd09cb44a214dbee8da76b806809,0.327238,0.37616,0,0,0
omp,BJ,GKOCG,cuda,none,PBiCGStab,15,32,uc2n559.localdomain,e9ebfd09cb44a214dbee8da76b806809,0.327238,0.411668,0,0,0
omp,BJ,GKOCG,cuda,none,PBiCGStab,15,32,uc2n559.localdomain,e9ebfd09cb44a214dbee8da76b806809,0.327238,0.384931,0,0,0
omp,BJ,GKOCG,cuda,none,PBiCGStab,15,32,uc2n559.localdomain,e9ebfd09cb44a214dbee8da76b806809,0.327238,0.321534,0,0,0
omp,BJ,GKOCG,cuda,none,PBiCGStab,15,32,uc2n559.localdomain,e9ebfd09cb44a214dbee8da76b806809,0.327238,0.357668,0,0,0
omp,BJ,GKOCG,cuda,none,PBiCGStab,15,32,uc2n559.localdomain,e9ebfd09cb44a214dbee8da76b806809,0.327238,0.382582,0,0,0
omp,BJ,GKOCG,cuda,none,PBiCGStab,15,32,uc2n559.localdomain,e9ebfd09cb44a214dbee8da76b806809,0.327238,0.650476,0,0,0
omp,BJ,GKOCG,cuda,none,PBiCGStab,15,32,uc2n559.localdomain,e9ebfd09cb44a214dbee8da76b806809,0.327238,0.315634,0,0,0
omp,BJ,GKOCG,cuda,none,PBiCGStab,15,32,uc2n559.localdomain,e9ebfd09cb44a214dbee8da76b806809,0.327238,0.398439,0,0,0
omp,BJ,GKOCG,cuda,none,PBiCGStab,15,32,uc2n559.localdomain,e9ebfd09cb44a214dbee8da76b806809,0.327238,0.55684,0,0,0
omp,BJ,GKOCG,cuda,none,PBiCGStab,15,32,uc2n559.localdomain,e9ebfd09cb44a214dbee8da76b806809,0.327238,0.317593,0,0,0
omp,BJ,GKOCG,cuda,none,PBiCGStab,15,32,uc2n559.localdomain,e9ebfd09cb44a214dbee8da76b806809,0.327238,0.331913,0,0,0
omp,BJ,GKOCG,cuda,none,PBiCGStab,15,32,uc2n559.localdomain,e9ebfd09cb44a214dbee8da76b806809,0.327238,0.35327,0,0,0
omp,BJ,GKOCG,cuda,none,PBiCGStab,15,32,uc2n559.localdomain,e9ebfd09cb44a214dbee8da76b806809,0.327238,0.383865,0,0,0
omp,BJ,GKOCG,cuda,none,PBiCGStab,15,32,uc2n559.localdomain,e9ebfd09cb44a214dbee8da76b806809,0.327238,0.370771,0,0,0
omp,BJ,GKOCG,cuda,none,PBiCGStab,15,32,uc2n559.localdomain,e9ebfd09cb44a214dbee8da76b806809,0.327238,0.692901,0,0,0
omp,BJ,GKOCG,cuda,none,PBiCGStab,15,32,uc2n559.localdomain,e9ebfd09cb44a214dbee8da76b806809,0.327238,0.391535,0,0,0
omp,BJ,GKOCG,cuda,none,PBiCGStab,15,32,uc2n559.localdomain,e9ebfd09cb44a214dbee8da76b806809,0.327238,0.382879,0,0,0
omp,BJ,GKOCG,cuda,none,PBiCGStab,15,32,uc2n559.localdomain,e9ebfd09cb44a214dbee8da76b806809,0.327238,0.320831,0,0,0
omp,BJ,GKOCG,cuda,none,PBiCGStab,15,32,uc2n559.localdomain,e9ebfd09cb44a214dbee8da76b806809,0.327238,0.314525,0,0,0
omp,BJ,GKOCG,cuda,none,PBiCGStab,15,32,uc2n559.localdomain,e9ebfd09cb44a214dbee8da76b806809,0.327238,0.397827,0,0,0
omp,BJ,GKOCG,cuda,none,PBiCGStab,15,32,uc2n559.localdomain,e9ebfd09cb44a214dbee8da76b806809,0.327238,0.783811,0,0,0
omp,BJ,GKOCG,cuda,none,PBiCGStab,15,32,uc2n559.localdomain,e9ebfd09cb44a214dbee8da76b806809,0.327238,0.33621,0,0,0
omp,BJ,GKOCG,cuda,none,PBiCGStab,15,32,uc2n559.localdomain,e9ebfd09cb44a214dbee8da76b806809,0.327238,0.345681,0,0,0
omp,BJ,GKOCG,cuda,none,PBiCGStab,15,32,uc2n559.localdomain,e9ebfd09cb44a214dbee8da76b806809,0.327238,0.92849,0,0,0
omp,BJ,GKOCG,cuda,none,PBiCGStab,15,32,uc2n559.localdomain,e9ebfd09cb44a214dbee8da76b806809,0.327238,0.667724,0,0,0
omp,BJ,GKOCG,cuda,none,PBiCGStab,15,32,uc2n559.localdomain,e9ebfd09cb44a214dbee8da76b806809,0.327238,0.418241,0,0,0
omp,BJ,GKOCG,cuda,none,PBiCGStab,15,32,uc2n559.localdomain,e9ebfd09cb44a214dbee8da76b806809,0.327238,0.346056,0,0,0
omp,BJ,GKOCG,cuda,none,PBiCGStab,15,32,uc2n559.localdomain,e9ebfd09cb44a214dbee8da76b806809,0.327238,0.658688,0,0,0
omp,BJ,GKOCG,cuda,none,PBiCGStab,15,32,uc2n559.localdomain,e9ebfd09cb44a214dbee8da76b806809,0.327238,0.325734,0,0,0
omp,BJ,GKOCG,cuda,none,PBiCGStab,15,32,uc2n559.localdomain,e9ebfd09cb44a214dbee8da76b806809,0.327238,0.323255,0,0,0
omp,BJ,GKOCG,cuda,none,PBiCGStab,15,32,uc2n559.localdomain,e9ebfd09cb44a214dbee8da76b806809,0.327238,0.39507,0,0,0
omp,BJ,GKOCG,cuda,none,PBiCGStab,15,32,uc2n559.localdomain,e9ebfd09cb44a214dbee8da76b806809,0.327238,0.9417,0,0,0
omp,BJ,GKOCG,cuda,none,PBiCGStab,15,32,uc2n559.localdomain,e9ebfd09cb44a214dbee8da76b806809,0.327238,0.3287,0,0,0
omp,BJ,GKOCG,cuda,none,PBiCGStab,15,32,uc2n559.localdomain,e9ebfd09cb44a214dbee8da76b806809,0.327238,0.32042,0,0,0
omp,none,GKOBiCGStab,cuda,none,PBiCGStab,15,32,uc2n559.localdomain,aa8ca300991722c630d98cdf3bfa7760,0.423089,0.50213,0,0,0
omp,none,GKOBiCGStab,cuda,none,PBiCGStab,15,32,uc2n559.localdomain,aa8ca300991722c630d98cdf3bfa7760,0.423089,0.391366,0,0,0
omp,none,GKOBiCGStab,cuda,none,PBiCGStab,15,32,uc2n559.localdomain,aa8ca300991722c630d98cdf3bfa7760,0.423089,0.41866,0,0,0
omp,none,GKOBiCGStab,cuda,none,PBiCGStab,15,32,uc2n559.localdomain,aa8ca300991722c630d98cdf3bfa7760,0.423089,0.597222,0,0,0
omp,none,GKOBiCGStab,cuda,none,PBiCGStab,15,32,uc2n559.localdomain,aa8ca300991722c630d98cdf3bfa7760,0.423089,0.374368,0,0,0
omp,none,GKOBiCGStab,cuda,none,PBiCGStab,15,32,uc2n559.localdomain,aa8ca300991722c630d98cdf3bfa7760,0.423089,0.337449,0,0,0
omp,none,GKOBiCGStab,cuda,none,PBiCGStab,15,32,uc2n559.localdomain,aa8ca300991722c630d98cdf3bfa7760,0.423089,1.599659,0,0,0
omp,none,GKOBiCGStab,cuda,none,PBiCGStab,15,32,uc2n559.localdomain,aa8ca300991722c630d98cdf3bfa7760,0.423089,0.376201,0,0,0
omp,none,GKOBiCGStab,cuda,none,PBiCGStab,15,32,uc2n559.localdomain,aa8ca300991722c630d98cdf3bfa7760,0.423089,0.409598,0,0,0
omp,none,GKOBiCGStab,cuda,none,PBiCGStab,15,32,uc2n559.localdomain,aa8ca300991722c630d98cdf3bfa7760,0.423089,0.402607,0,0,0
omp,none,GKOBiCGStab,cuda,none,PBiCGStab,15,32,uc2n559.localdomain,aa8ca300991722c630d98cdf3bfa7760,0.423089,0.472196,0,0,0
omp,none,GKOBiCGStab,cuda,none,PBiCGStab,15,32,uc2n559.localdomain,aa8ca300991722c630d98cdf3bfa7760,0.423089,2.192907,0,0,0
omp,none,GKOBiCGStab,cuda,none,PBiCGStab,15,32,uc2n559.localdomain,aa8ca300991722c630d98cdf3bfa7760,0.423089,0.526417,0,0,0
omp,none,GKOBiCGStab,cuda,none,PBiCGStab,15,32,uc2n559.localdomain,aa8ca300991722c630d98cdf3bfa7760,0.423089,0.431408,0,0,0
omp,none,GKOBiCGStab,cuda,none,PBiCGStab,15,32,uc2n559.localdomain,aa8ca300991722c630d98cdf3bfa7760,0.423089,0.520924,0,0,0
omp,none,GKOBiCGStab,cuda,none,PBiCGStab,15,32,uc2n559.localdomain,aa8ca300991722c630d98cdf3bfa7760,0.423089,0.339496,0,0,0
omp,none,GKOBiCGStab,cuda,none,PBiCGStab,15,32,uc2n559.localdomain,aa8ca300991722c630d98cdf3bfa7760,0.423089,0.550605,0,0,0
omp,none,GKOBiCGStab,cuda,none,PBiCGStab,15,32,uc2n559.localdomain,aa8ca300991722c630d98cdf3bfa7760,0.423089,0.654322,0,0,0
omp,none,GKOBiCGStab,cuda,none,PBiCGStab,15,32,uc2n559.localdomain,aa8ca300991722c630d98cdf3bfa7760,0.423089,0.413802,0,0,0
omp,none,GKOBiCGStab,cuda,none,PBiCGStab,15,32,uc2n559.localdomain,aa8ca300991722c630d98cdf3bfa7760,0.423089,0.655434,0,0,0
omp,none,GKOBiCGStab,cuda,none,PBiCGStab,15,32,uc2n559.localdomain,aa8ca300991722c630d98cdf3bfa7760,0.423089,0.347567,0,0,0
omp,none,GKOBiCGStab,cuda,none,PBiCGStab,15,32,uc2n559.localdomain,aa8ca300991722c630d98cdf3bfa7760,0.423089,1.309334,0,0,0
omp,none,GKOBiCGStab,cuda,none,PBiCGStab,15,32,uc2n559.localdomain,aa8ca300991722c630d98cdf3bfa7760,0.423089,0.750043,0,0,0
omp,none,GKOBiCGStab,cuda,none,PBiCGStab,15,32,uc2n559.localdomain,aa8ca300991722c630d98cdf3bfa7760,0.423089,0.366109,0,0,0
omp,none,GKOBiCGStab,cuda,none,PBiCGStab,15,32,uc2n559.localdomain,aa8ca300991722c630d98cdf3bfa7760,0.423089,1.984598,0,0,0
omp,none,GKOBiCGStab,cuda,none,PBiCGStab,15,32,uc2n559.localdomain,aa8ca300991722c630d98cdf3bfa7760,0.423089,0.421408,0,0,0
omp,none,GKOBiCGStab,cuda,none,PBiCGStab,15,32,uc2n559.localdomain,aa8ca300991722c630d98cdf3bfa7760,0.423089,1.440671,0,0,0
omp,none,GKOBiCGStab,cuda,none,PBiCGStab,15,32,uc2n559.localdomain,aa8ca300991722c630d98cdf3bfa7760,0.423089,0.422486,0,0,0
omp,none,GKOBiCGStab,cuda,none,PBiCGStab,15,32,uc2n559.localdomain,aa8ca300991722c630d98cdf3bfa7760,0.423089,0.368354,0,0,0
omp,none,GKOBiCGStab,cuda,none,PBiCGStab,15,32,uc2n559.localdomain,aa8ca300991722c630d98cdf3bfa7760,0.423089,0.516693,0,0,0
omp,BJ,GKOBiCGStab,cuda,none,PBiCGStab,15,32,uc2n559.localdomain,72af623abf37899f8088204f2493ab6e,0.359997,0.364526,0,0,0
omp,BJ,GKOBiCGStab,cuda,none,PBiCGStab,15,32,uc2n559.localdomain,72af623abf37899f8088204f2493ab6e,0.359997,0.386,0,0,0
omp,BJ,GKOBiCGStab,cuda,none,PBiCGStab,15,32,uc2n559.localdomain,72af623abf37899f8088204f2493ab6e,0.359997,0.335933,0,0,0
omp,BJ,GKOBiCGStab,cuda,none,PBiCGStab,15,32,uc2n559.localdomain,72af623abf37899f8088204f2493ab6e,0.359997,0.644849,0,0,0
omp,BJ,GKOBiCGStab,cuda,none,PBiCGStab,15,32,uc2n559.localdomain,72af623abf37899f8088204f2493ab6e,0.359997,0.463372,0,0,0
omp,BJ,GKOBiCGStab,cuda,none,PBiCGStab,15,32,uc2n559.localdomain,72af623abf37899f8088204f2493ab6e,0.359997,0.355295,0,0,0
omp,BJ,GKOBiCGStab,cuda,none,PBiCGStab,15,32,uc2n559.localdomain,72af623abf37899f8088204f2493ab6e,0.359997,0.608409,0,0,0
omp,BJ,GKOBiCGStab,cuda,none,PBiCGStab,15,32,uc2n559.localdomain,72af623abf37899f8088204f2493ab6e,0.359997,0.402832,0,0,0
omp,BJ,GKOBiCGStab,cuda,none,PBiCGStab,15,32,uc2n559.localdomain,72af623abf37899f8088204f2493ab6e,0.359997,0.369383,0,0,0
omp,BJ,GKOBiCGStab,cuda,none,PBiCGStab,15,32,uc2n559.localdomain,72af623abf37899f8088204f2493ab6e,0.359997,1.465782,0,0,0
omp,BJ,GKOBiCGStab,cuda,none,PBiCGStab,15,32,uc2n559.localdomain,72af623abf37899f8088204f2493ab6e,0.359997,0.584742,0,0,0
omp,BJ,GKOBiCGStab,cuda,none,PBiCGStab,15,32,uc2n559.localdomain,72af623abf37899f8088204f2493ab6e,0.359997,0.388241,0,0,0
omp,BJ,GKOBiCGStab,cuda,none,PBiCGStab,15,32,uc2n559.localdomain,72af623abf37899f8088204f2493ab6e,0.359997,0.396905,0,0,0
omp,BJ,GKOBiCGStab,cuda,none,PBiCGStab,15,32,uc2n559.localdomain,72af623abf37899f8088204f2493ab6e,0.359997,0.657486,0,0,0
omp,BJ,GKOBiCGStab,cuda,none,PBiCGStab,15,32,uc2n559.localdomain,72af623abf37899f8088204f2493ab6e,0.359997,0.97181,0,0,0
omp,BJ,GKOBiCGStab,cuda,none,PBiCGStab,15,32,uc2n559.localdomain,72af623abf37899f8088204f2493ab6e,0.359997,0.641067,0,0,0
omp,BJ,GKOBiCGStab,cuda,none,PBiCGStab,15,32,uc2n559.localdomain,72af623abf37899f8088204f2493ab6e,0.359997,0.339967,0,0,0
omp,BJ,GKOBiCGStab,cuda,none,PBiCGStab,15,32,uc2n559.localdomain,72af623abf37899f8088204f2493ab6e,0.359997,0.379357,0,0,0
omp,BJ,GKOBiCGStab,cuda,none,PBiCGStab,15,32,uc2n559.localdomain,72af623abf37899f8088204f2493ab6e,0.359997,0.333714,0,0,0
omp,BJ,GKOBiCGStab,cuda,none,PBiCGStab,15,32,uc2n559.localdomain,72af623abf37899f8088204f2493ab6e,0.359997,0.379628,0,0,0
omp,BJ,GKOBiCGStab,cuda,none,PBiCGStab,15,32,uc2n559.localdomain,72af623abf37899f8088204f2493ab6e,0.359997,0.327284,0,0,0
omp,BJ,GKOBiCGStab,cuda,none,PBiCGStab,15,32,uc2n559.localdomain,72af623abf37899f8088204f2493ab6e,0.359997,0.420025,0,0,0
omp,BJ,GKOBiCGStab,cuda,none,PBiCGStab,15,32,uc2n559.localdomain,72af623abf37899f8088204f2493ab6e,0.359997,0.361128,0,0,0
omp,BJ,GKOBiCGStab,cuda,none,PBiCGStab,15,32,uc2n559.localdomain,72af623abf37899f8088204f2493ab6e,0.359997,0.37104,0,0,0
omp,BJ,GKOBiCGStab,cuda,none,PBiCGStab,15,32,uc2n559.localdomain,72af623abf37899f8088204f2493ab6e,0.359997,1.214019,0,0,0
omp,BJ,GKOBiCGStab,cuda,none,PBiCGStab,15,32,uc2n559.localdomain,72af623abf37899f8088204f2493ab6e,0.359997,0.491702,0,0,0
omp,BJ,GKOBiCGStab,cuda,none,PBiCGStab,15,32,uc2n559.localdomain,72af623abf37899f8088204f2493ab6e,0.359997,0.447378,0,0,0
omp,BJ,GKOBiCGStab,cuda,none,PBiCGStab,15,32,uc2n559.localdomain,72af623abf37899f8088204f2493ab6e,0.359997,0.382399,0,0,0
omp,BJ,GKOBiCGStab,cuda,none,PBiCGStab,15,32,uc2n559.localdomain,72af623abf37899f8088204f2493ab6e,0.359997,0.331091,0,0,0
omp,BJ,GKOBiCGStab,cuda,none,PBiCGStab,15,32,uc2n559.localdomain,72af623abf37899f8088204f2493ab6e,0.359997,0.390645,0,0,0
omp,BJ,GKOBiCGStab,cuda,none,PBiCGStab,15,32,uc2n559.localdomain,72af623abf37899f8088204f2493ab6e,0.359997,1.195225,0,0,0
omp,BJ,GKOBiCGStab,cuda,none,PBiCGStab,15,32,uc2n559.localdomain,72af623abf37899f8088204f2493ab6e,0.359997,0.361209,0,0,0
omp,BJ,GKOBiCGStab,cuda,none,PBiCGStab,15,32,uc2n559.localdomain,72af623abf37899f8088204f2493ab6e,0.359997,0.350565,0,0,0
omp,BJ,GKOBiCGStab,cuda,none,PBiCGStab,15,32,uc2n559.localdomain,72af623abf37899f8088204f2493ab6e,0.359997,0.357252,0,0,0
omp,BJ,GKOBiCGStab,cuda,none,PBiCGStab,15,32,uc2n559.localdomain,72af623abf37899f8088204f2493ab6e,0.359997,0.405132,0,0,0
omp,BJ,GKOBiCGStab,cuda,none,PBiCGStab,15,32,uc2n559.localdomain,72af623abf37899f8088204f2493ab6e,0.359997,0.415123,0,0,0
omp,BJ,GKOBiCGStab,cuda,none,PBiCGStab,15,32,uc2n559.localdomain,72af623abf37899f8088204f2493ab6e,0.359997,0.404602,0,0,0
omp,BJ,GKOBiCGStab,cuda,none,PBiCGStab,15,32,uc2n559.localdomain,72af623abf37899f8088204f2493ab6e,0.359997,0.399378,0,0,0
omp,BJ,GKOBiCGStab,cuda,none,PBiCGStab,15,32,uc2n559.localdomain,72af623abf37899f8088204f2493ab6e,0.359997,0.416665,0,0,0
omp,BJ,GKOBiCGStab,cuda,none,PBiCGStab,15,32,uc2n559.localdomain,72af623abf37899f8088204f2493ab6e,0.359997,0.385822,0,0,0
omp,BJ,GKOBiCGStab,cuda,none,PBiCGStab,15,32,uc2n559.localdomain,72af623abf37899f8088204f2493ab6e,0.359997,1.053667,0,0,0
omp,none,GKOIR,cuda,none,PBiCGStab,15,32,uc2n559.localdomain,e398797724fce5010d3bdc2331938647,1.358391,0.513758,0,0,0
omp,none,GKOIR,cuda,none,PBiCGStab,15,32,uc2n559.localdomain,e398797724fce5010d3bdc2331938647,1.358391,0.357741,0,0,0
omp,none,GKOIR,cuda,none,PBiCGStab,15,32,uc2n559.localdomain,e398797724fce5010d3bdc2331938647,1.358391,0.547102,0,0,0
omp,none,GKOIR,cuda,none,PBiCGStab,15,32,uc2n559.localdomain,e398797724fce5010d3bdc2331938647,1.358391,1.601391,0,0,0
omp,none,GKOIR,cuda,none,PBiCGStab,15,32,uc2n559.localdomain,e398797724fce5010d3bdc2331938647,1.358391,0.656586,0,0,0
omp,none,GKOIR,cuda,none,PBiCGStab,15,32,uc2n559.localdomain,e398797724fce5010d3bdc2331938647,1.358391,1.572532,0,0,0
omp,none,GKOIR,cuda,none,PBiCGStab,15,32,uc2n559.localdomain,e398797724fce5010d3bdc2331938647,1.358391,0.346789,0,0,0
omp,none,GKOIR,cuda,none,PBiCGStab,15,32,uc2n559.localdomain,e398797724fce5010d3bdc2331938647,1.358391,0.397895,0,0,0
omp,none,GKOIR,cuda,none,PBiCGStab,15,32,uc2n559.localdomain,e398797724fce5010d3bdc2331938647,1.358391,0.555957,0,0,0
omp,none,GKOIR,cuda,none,PBiCGStab,15,32,uc2n559.localdomain,e398797724fce5010d3bdc2331938647,1.358391,0.364487,0,0,0
omp,none,GKOIR,cuda,none,PBiCGStab,15,32,uc2n559.localdomain,e398797724fce5010d3bdc2331938647,1.358391,0.410147,0,0,0
omp,none,GKOIR,cuda,none,PBiCGStab,15,32,uc2n559.localdomain,e398797724fce5010d3bdc2331938647,1.358391,0.314221,0,0,0
omp,none,GKOIR,cuda,none,PBiCGStab,15,32,uc2n559.localdomain,e398797724fce5010d3bdc2331938647,1.358391,0.366223,0,0,0
omp,none,GKOIR,cuda,none,PBiCGStab,15,32,uc2n559.localdomain,e398797724fce5010d3bdc2331938647,1.358391,0.423711,0,0,0
omp,none,GKOIR,cuda,none,PBiCGStab,15,32,uc2n559.localdomain,e398797724fce5010d3bdc2331938647,1.358391,1.430781,0,0,0
omp,none,GKOIR,cuda,none,PBiCGStab,15,32,uc2n559.localdomain,e398797724fce5010d3bdc2331938647,1.358391,0.366157,0,0,0
omp,none,GKOIR,cuda,none,PBiCGStab,15,32,uc2n559.localdomain,e398797724fce5010d3bdc2331938647,1.358391,1.516219,0,0,0
omp,none,GKOIR,cuda,none,PBiCGStab,15,32,uc2n559.localdomain,e398797724fce5010d3bdc2331938647,1.358391,1.419101,0,0,0
omp,none,GKOIR,cuda,none,PBiCGStab,15,32,uc2n559.localdomain,e398797724fce5010d3bdc2331938647,1.358391,0.32298,0,0,0
omp,none,GKOIR,cuda,none,PBiCGStab,15,32,uc2n559.localdomain,e398797724fce5010d3bdc2331938647,1.358391,0.456869,0,0,0
omp,none,GKOIR,cuda,none,PBiCGStab,15,32,uc2n559.localdomain,e398797724fce5010d3bdc2331938647,1.358391,0.491164,0,0,0
omp,none,GKOIR,cuda,none,PBiCGStab,15,32,uc2n559.localdomain,e398797724fce5010d3bdc2331938647,1.358391,0.343808,0,0,0
omp,none,GKOIR,cuda,none,PBiCGStab,15,32,uc2n559.localdomain,e398797724fce5010d3bdc2331938647,1.358391,0.75514,0,0,0
omp,none,GKOIR,cuda,none,PBiCGStab,15,32,uc2n559.localdomain,e398797724fce5010d3bdc2331938647,1.358391,0.705577,0,0,0
omp,none,GKOIR,cuda,none,PBiCGStab,15,32,uc2n559.localdomain,e398797724fce5010d3bdc2331938647,1.358391,0.974485,0,0,0
omp,none,GKOIR,cuda,none,PBiCGStab,15,32,uc2n559.localdomain,e398797724fce5010d3bdc2331938647,1.358391,0.327304,0,0,0
omp,none,GKOIR,cuda,none,PBiCGStab,15,32,uc2n559.localdomain,e398797724fce5010d3bdc2331938647,1.358391,0.421353,0,0,0
omp,none,GKOIR,cuda,none,PBiCGStab,15,32,uc2n559.localdomain,e398797724fce5010d3bdc2331938647,1.358391,0.455388,0,0,0
omp,none,GKOIR,cuda,none,PBiCGStab,15,32,uc2n559.localdomain,e398797724fce5010d3bdc2331938647,1.358391,0.340622,0,0,0
omp,none,GKOIR,cuda,none,PBiCGStab,15,32,uc2n559.localdomain,e398797724fce5010d3bdc2331938647,1.358391,0.477051,0,0,0
omp,none,GKOIR,cuda,none,PBiCGStab,15,32,uc2n559.localdomain,e398797724fce5010d3bdc2331938647,1.358391,0.386325,0,0,0
omp,none,GKOIR,cuda,none,PBiCGStab,15,32,uc2n559.localdomain,e398797724fce5010d3bdc2331938647,1.358391,0.398608,0,0,0
omp,none,GKOCG,cuda,none,PBiCGStab,90,32,uc2n559.localdomain,9d5154c134a10d305e48141b31c200ce,23.606311,23.504142,0,0,0
omp,none,GKOCG,cuda,none,PBiCGStab,90,32,uc2n559.localdomain,9d5154c134a10d305e48141b31c200ce,23.606311,24.782819,0,0,0
omp,none,GKOCG,cuda,none,PBiCGStab,90,32,uc2n559.localdomain,9d5154c134a10d305e48141b31c200ce,23.606311,23.369617,0,0,0
omp,BJ,GKOCG,cuda,none,PBiCGStab,90,32,uc2n559.localdomain,ca41c17d7cd17d17c18bafb485c0c634,25.051615,24.350829,0,0,0
omp,BJ,GKOCG,cuda,none,PBiCGStab,90,32,uc2n559.localdomain,ca41c17d7cd17d17c18bafb485c0c634,25.051615,26.069616,0,0,0
omp,BJ,GKOCG,cuda,none,PBiCGStab,90,32,uc2n559.localdomain,ca41c17d7cd17d17c18bafb485c0c634,25.051615,23.989517,0,0,0
omp,none,GKOBiCGStab,cuda,none,PBiCGStab,90,32,uc2n559.localdomain,d6b2e6c8cd047b92730ad2add6cbf1d5,25.395892,25.985365,0,0,0
omp,none,GKOBiCGStab,cuda,none,PBiCGStab,90,32,uc2n559.localdomain,d6b2e6c8cd047b92730ad2add6cbf1d5,25.395892,25.176827,0,0,0
omp,none,GKOBiCGStab,cuda,none,PBiCGStab,90,32,uc2n559.localdomain,d6b2e6c8cd047b92730ad2add6cbf1d5,25.395892,25.116605,0,0,0
omp,BJ,GKOBiCGStab,cuda,none,PBiCGStab,90,32,uc2n559.localdomain,8fb4a1c171f904744d1757077289a209,31.712719,162.039723,5309,4870.0,399.0
omp,BJ,GKOBiCGStab,cuda,none,PBiCGStab,90,32,uc2n559.localdomain,8fb4a1c171f904744d1757077289a209,31.712719,204.238861,5309,9332.0,395.0
omp,BJ,GKOBiCGStab,cuda,none,PBiCGStab,90,32,uc2n559.localdomain,8fb4a1c171f904744d1757077289a209,31.712719,178.981102,5309,4903.0,462.0
omp,none,GKOIR,cuda,none,PBiCGStab,90,32,uc2n559.localdomain,7f2b3d3aae95e9904b684bb4a58f9e1c,22.18835,23.075181,0,0,0
omp,none,GKOIR,cuda,none,PBiCGStab,90,32,uc2n559.localdomain,7f2b3d3aae95e9904b684bb4a58f9e1c,22.18835,22.322236,0,0,0
omp,none,GKOIR,cuda,none,PBiCGStab,90,32,uc2n559.localdomain,7f2b3d3aae95e9904b684bb4a58f9e1c,22.18835,22.211928,0,0,0
omp,none,GKOCG,cuda,none,PBiCGStab,75,32,uc2n559.localdomain,4c15151226f03e5be3b7f68e513c25c6,12.108288,12.424169,0,0,0
omp,none,GKOCG,cuda,none,PBiCGStab,75,32,uc2n559.localdomain,4c15151226f03e5be3b7f68e513c25c6,12.108288,13.039143,0,0,0
omp,none,GKOCG,cuda,none,PBiCGStab,75,32,uc2n559.localdomain,4c15151226f03e5be3b7f68e513c25c6,12.108288,11.793526,0,0,0
omp,BJ,GKOCG,cuda,none,PBiCGStab,75,32,uc2n559.localdomain,3c90996206fdf4f7cb008fdbfebd3885,13.170508,15.165151,0,0,0
omp,BJ,GKOCG,cuda,none,PBiCGStab,75,32,uc2n559.localdomain,3c90996206fdf4f7cb008fdbfebd3885,13.170508,13.912646,0,0,0
omp,BJ,GKOCG,cuda,none,PBiCGStab,75,32,uc2n559.localdomain,3c90996206fdf4f7cb008fdbfebd3885,13.170508,13.242816,0,0,0
omp,none,GKOBiCGStab,cuda,none,PBiCGStab,75,32,uc2n559.localdomain,0afe92df03b952b5069b50c68b8adb9a,14.986745,15.301928,0,0,0
omp,none,GKOBiCGStab,cuda,none,PBiCGStab,75,32,uc2n559.localdomain,0afe92df03b952b5069b50c68b8adb9a,14.986745,15.888119,0,0,0
omp,none,GKOBiCGStab,cuda,none,PBiCGStab,75,32,uc2n559.localdomain,0afe92df03b952b5069b50c68b8adb9a,14.986745,14.830585,0,0,0
omp,BJ,GKOBiCGStab,cuda,none,PBiCGStab,75,32,uc2n559.localdomain,d68f17e9af6a6db8c8dfd0526612342f,17.319525,16.571388,0,0,0
omp,BJ,GKOBiCGStab,cuda,none,PBiCGStab,75,32,uc2n559.localdomain,d68f17e9af6a6db8c8dfd0526612342f,17.319525,16.243633,0,0,0
omp,BJ,GKOBiCGStab,cuda,none,PBiCGStab,75,32,uc2n559.localdomain,d68f17e9af6a6db8c8dfd0526612342f,17.319525,17.589103,0,0,0
omp,none,GKOIR,cuda,none,PBiCGStab,75,32,uc2n559.localdomain,8bc2a5e23db6da0c252564b4594f1024,13.802471,12.758737,0,0,0
omp,none,GKOIR,cuda,none,PBiCGStab,75,32,uc2n559.localdomain,8bc2a5e23db6da0c252564b4594f1024,13.802471,11.976581,0,0,0
omp,none,GKOIR,cuda,none,PBiCGStab,75,32,uc2n559.localdomain,8bc2a5e23db6da0c252564b4594f1024,13.802471,12.499384,0,0,0
omp,none,GKOCG,cuda,none,PBiCGStab,40,32,uc2n559.localdomain,de08464ce09f076272a42eedbc35c41c,1.762684,6.149497,4000,285.0,28.0
omp,none,GKOCG,cuda,none,PBiCGStab,40,32,uc2n559.localdomain,de08464ce09f076272a42eedbc35c41c,1.762684,7.110843,4000,294.0,26.0
omp,none,GKOCG,cuda,none,PBiCGStab,40,32,uc2n559.localdomain,de08464ce09f076272a42eedbc35c41c,1.762684,6.453919,4000,264.0,26.0
omp,none,GKOCG,cuda,none,PBiCGStab,40,32,uc2n559.localdomain,de08464ce09f076272a42eedbc35c41c,1.762684,6.481626,4000,278.0,28.0
omp,BJ,GKOCG,cuda,none,PBiCGStab,40,32,uc2n559.localdomain,e2fb3ddd0d032a60925b37ea98de7eaf,1.75157,5.993851,3239,270.0,27.0
omp,BJ,GKOCG,cuda,none,PBiCGStab,40,32,uc2n559.localdomain,e2fb3ddd0d032a60925b37ea98de7eaf,1.75157,6.10786,3239,282.0,27.0
omp,BJ,GKOCG,cuda,none,PBiCGStab,40,32,uc2n559.localdomain,e2fb3ddd0d032a60925b37ea98de7eaf,1.75157,6.125669,3239,273.0,27.0
omp,BJ,GKOCG,cuda,none,PBiCGStab,40,32,uc2n559.localdomain,e2fb3ddd0d032a60925b37ea98de7eaf,1.75157,6.143223,3239,279.0,28.0
omp,none,GKOBiCGStab,cuda,none,PBiCGStab,40,32,uc2n559.localdomain,9760d670b2d1b5978385de2c56456ac6,2.581859,7.430203,3439,337.0,26.0
omp,none,GKOBiCGStab,cuda,none,PBiCGStab,40,32,uc2n559.localdomain,9760d670b2d1b5978385de2c56456ac6,2.581859,8.633033,3439,370.0,28.0
omp,none,GKOBiCGStab,cuda,none,PBiCGStab,40,32,uc2n559.localdomain,9760d670b2d1b5978385de2c56456ac6,2.581859,7.720513,3439,355.0,28.0
omp,BJ,GKOBiCGStab,cuda,none,PBiCGStab,40,32,uc2n559.localdomain,3ab501c1cef797c649ba4ec73e9c4626,2.044969,7.319734,2366,369.0,27.0
omp,BJ,GKOBiCGStab,cuda,none,PBiCGStab,40,32,uc2n559.localdomain,3ab501c1cef797c649ba4ec73e9c4626,2.044969,8.427707,2366,378.0,28.0
omp,BJ,GKOBiCGStab,cuda,none,PBiCGStab,40,32,uc2n559.localdomain,3ab501c1cef797c649ba4ec73e9c4626,2.044969,9.088594,2366,418.0,29.0
omp,none,GKOIR,cuda,none,PBiCGStab,40,32,uc2n559.localdomain,b247f6cf7fd7ecc5277069081052ea64,4.338673,7.599783,165,289.0,27.0
omp,none,GKOIR,cuda,none,PBiCGStab,40,32,uc2n559.localdomain,b247f6cf7fd7ecc5277069081052ea64,4.338673,7.459644,165,284.0,27.0
omp,none,GKOIR,cuda,none,PBiCGStab,40,32,uc2n559.localdomain,b247f6cf7fd7ecc5277069081052ea64,4.338673,6.97399,165,261.0,27.0
omp,none,GKOCG,cuda,none,PBiCGStab,25,32,uc2n559.localdomain,0cdac49215b104f1df14bc0feaa92f19,0.521499,1.599244,2638,65.0,5.0
omp,none,GKOCG,cuda,none,PBiCGStab,25,32,uc2n559.localdomain,0cdac49215b104f1df14bc0feaa92f19,0.521499,1.613703,2638,66.0,5.0
omp,none,GKOCG,cuda,none,PBiCGStab,25,32,uc2n559.localdomain,0cdac49215b104f1df14bc0feaa92f19,0.521499,1.711268,2638,71.0,5.0
omp,none,GKOCG,cuda,none,PBiCGStab,25,32,uc2n559.localdomain,0cdac49215b104f1df14bc0feaa92f19,0.521499,1.709996,2638,68.0,6.0
omp,none,GKOCG,cuda,none,PBiCGStab,25,32,uc2n559.localdomain,0cdac49215b104f1df14bc0feaa92f19,0.521499,1.590026,2638,64.0,5.0
omp,none,GKOCG,cuda,none,PBiCGStab,25,32,uc2n559.localdomain,0cdac49215b104f1df14bc0feaa92f19,0.521499,1.786255,2638,70.0,5.0
omp,none,GKOCG,cuda,none,PBiCGStab,25,32,uc2n559.localdomain,0cdac49215b104f1df14bc0feaa92f19,0.521499,1.712704,2638,66.0,5.0
omp,none,GKOCG,cuda,none,PBiCGStab,25,32,uc2n559.localdomain,0cdac49215b104f1df14bc0feaa92f19,0.521499,1.640272,2638,66.0,5.0
omp,none,GKOCG,cuda,none,PBiCGStab,25,32,uc2n559.localdomain,0cdac49215b104f1df14bc0feaa92f19,0.521499,1.621814,2638,70.0,5.0
omp,none,GKOCG,cuda,none,PBiCGStab,25,32,uc2n559.localdomain,0cdac49215b104f1df14bc0feaa92f19,0.521499,1.703775,2638,66.0,5.0
omp,none,GKOCG,cuda,none,PBiCGStab,25,32,uc2n559.localdomain,0cdac49215b104f1df14bc0feaa92f19,0.521499,1.661472,2638,64.0,5.0
omp,none,GKOCG,cuda,none,PBiCGStab,25,32,uc2n559.localdomain,0cdac49215b104f1df14bc0feaa92f19,0.521499,2.44064,2638,67.0,5.0
omp,BJ,GKOCG,cuda,none,PBiCGStab,25,32,uc2n559.localdomain,ad688a710277c9a4d21daa6a51d49862,0.543303,1.570253,2159,59.0,6.0
omp,BJ,GKOCG,cuda,none,PBiCGStab,25,32,uc2n559.localdomain,ad688a710277c9a4d21daa6a51d49862,0.543303,1.618935,2159,59.0,6.0
omp,BJ,GKOCG,cuda,none,PBiCGStab,25,32,uc2n559.localdomain,ad688a710277c9a4d21daa6a51d49862,0.543303,1.526881,2159,58.0,6.0
omp,BJ,GKOCG,cuda,none,PBiCGStab,25,32,uc2n559.localdomain,ad688a710277c9a4d21daa6a51d49862,0.543303,1.538056,2159,62.0,6.0
omp,BJ,GKOCG,cuda,none,PBiCGStab,25,32,uc2n559.localdomain,ad688a710277c9a4d21daa6a51d49862,0.543303,2.647365,2159,61.0,5.0
omp,BJ,GKOCG,cuda,none,PBiCGStab,25,32,uc2n559.localdomain,ad688a710277c9a4d21daa6a51d49862,0.543303,1.60146,2159,64.0,5.0
omp,BJ,GKOCG,cuda,none,PBiCGStab,25,32,uc2n559.localdomain,ad688a710277c9a4d21daa6a51d49862,0.543303,1.565469,2159,59.0,6.0
omp,BJ,GKOCG,cuda,none,PBiCGStab,25,32,uc2n559.localdomain,ad688a710277c9a4d21daa6a51d49862,0.543303,1.636049,2159,65.0,6.0
omp,BJ,GKOCG,cuda,none,PBiCGStab,25,32,uc2n559.localdomain,ad688a710277c9a4d21daa6a51d49862,0.543303,1.755758,2159,64.0,5.0
omp,BJ,GKOCG,cuda,none,PBiCGStab,25,32,uc2n559.localdomain,ad688a710277c9a4d21daa6a51d49862,0.543303,1.642191,2159,62.0,6.0
omp,BJ,GKOCG,cuda,none,PBiCGStab,25,32,uc2n559.localdomain,ad688a710277c9a4d21daa6a51d49862,0.543303,1.588928,2159,66.0,6.0
omp,BJ,GKOCG,cuda,none,PBiCGStab,25,32,uc2n559.localdomain,ad688a710277c9a4d21daa6a51d49862,0.543303,1.624784,2159,65.0,6.0
omp,none,GKOBiCGStab,cuda,none,PBiCGStab,25,32,uc2n559.localdomain,408750cdb058a27a9b57a2f98f752d31,0.669762,1.769588,1618,45.0,5.0
omp,none,GKOBiCGStab,cuda,none,PBiCGStab,25,32,uc2n559.localdomain,408750cdb058a27a9b57a2f98f752d31,0.669762,2.765256,1618,44.0,6.0
omp,none,GKOBiCGStab,cuda,none,PBiCGStab,25,32,uc2n559.localdomain,408750cdb058a27a9b57a2f98f752d31,0.669762,1.63093,1618,48.0,6.0
omp,none,GKOBiCGStab,cuda,none,PBiCGStab,25,32,uc2n559.localdomain,408750cdb058a27a9b57a2f98f752d31,0.669762,1.676527,1618,46.0,6.0
omp,none,GKOBiCGStab,cuda,none,PBiCGStab,25,32,uc2n559.localdomain,408750cdb058a27a9b57a2f98f752d31,0.669762,1.717797,1618,46.0,6.0
omp,none,GKOBiCGStab,cuda,none,PBiCGStab,25,32,uc2n559.localdomain,408750cdb058a27a9b57a2f98f752d31,0.669762,1.840198,1618,49.0,6.0
omp,none,GKOBiCGStab,cuda,none,PBiCGStab,25,32,uc2n559.localdomain,408750cdb058a27a9b57a2f98f752d31,0.669762,1.728079,1618,46.0,6.0
omp,none,GKOBiCGStab,cuda,none,PBiCGStab,25,32,uc2n559.localdomain,408750cdb058a27a9b57a2f98f752d31,0.669762,1.867406,1618,50.0,5.0
omp,none,GKOBiCGStab,cuda,none,PBiCGStab,25,32,uc2n559.localdomain,408750cdb058a27a9b57a2f98f752d31,0.669762,1.660514,1618,46.0,5.0
omp,none,GKOBiCGStab,cuda,none,PBiCGStab,25,32,uc2n559.localdomain,408750cdb058a27a9b57a2f98f752d31,0.669762,1.711007,1618,45.0,6.0
omp,none,GKOBiCGStab,cuda,none,PBiCGStab,25,32,uc2n559.localdomain,408750cdb058a27a9b57a2f98f752d31,0.669762,1.74804,1618,46.0,5.0
omp,BJ,GKOBiCGStab,cuda,none,PBiCGStab,25,32,uc2n559.localdomain,5f95bf6ef3ada6275e6dbaadbba3160a,0.576543,1.538702,1228,42.0,5.0
omp,BJ,GKOBiCGStab,cuda,none,PBiCGStab,25,32,uc2n559.localdomain,5f95bf6ef3ada6275e6dbaadbba3160a,0.576543,1.8234,1228,87.0,5.0
omp,BJ,GKOBiCGStab,cuda,none,PBiCGStab,25,32,uc2n559.localdomain,5f95bf6ef3ada6275e6dbaadbba3160a,0.576543,1.633928,1228,80.0,5.0
omp,BJ,GKOBiCGStab,cuda,none,PBiCGStab,25,32,uc2n559.localdomain,5f95bf6ef3ada6275e6dbaadbba3160a,0.576543,1.641313,1228,67.0,5.0
omp,BJ,GKOBiCGStab,cuda,none,PBiCGStab,25,32,uc2n559.localdomain,5f95bf6ef3ada6275e6dbaadbba3160a,0.576543,1.595608,1228,69.0,6.0
omp,BJ,GKOBiCGStab,cuda,none,PBiCGStab,25,32,uc2n559.localdomain,5f95bf6ef3ada6275e6dbaadbba3160a,0.576543,1.747734,1228,41.0,6.0
omp,BJ,GKOBiCGStab,cuda,none,PBiCGStab,25,32,uc2n559.localdomain,5f95bf6ef3ada6275e6dbaadbba3160a,0.576543,1.610352,1228,79.0,6.0
omp,BJ,GKOBiCGStab,cuda,none,PBiCGStab,25,32,uc2n559.localdomain,5f95bf6ef3ada6275e6dbaadbba3160a,0.576543,1.974313,1228,78.0,6.0
omp,BJ,GKOBiCGStab,cuda,none,PBiCGStab,25,32,uc2n559.localdomain,5f95bf6ef3ada6275e6dbaadbba3160a,0.576543,1.967424,1228,76.0,6.0
omp,BJ,GKOBiCGStab,cuda,none,PBiCGStab,25,32,uc2n559.localdomain,5f95bf6ef3ada6275e6dbaadbba3160a,0.576543,1.603696,1228,43.0,6.0
omp,BJ,GKOBiCGStab,cuda,none,PBiCGStab,25,32,uc2n559.localdomain,5f95bf6ef3ada6275e6dbaadbba3160a,0.576543,1.774719,1228,81.0,6.0
omp,BJ,GKOBiCGStab,cuda,none,PBiCGStab,25,32,uc2n559.localdomain,5f95bf6ef3ada6275e6dbaadbba3160a,0.576543,1.691216,1228,47.0,5.0
omp,none,GKOIR,cuda,none,PBiCGStab,25,32,uc2n559.localdomain,adbf333a52a4b23a2f1625de1efe5170,1.692746,2.201144,163,77.0,5.0
omp,none,GKOIR,cuda,none,PBiCGStab,25,32,uc2n559.localdomain,adbf333a52a4b23a2f1625de1efe5170,1.692746,1.993793,163,72.0,5.0
omp,none,GKOIR,cuda,none,PBiCGStab,25,32,uc2n559.localdomain,adbf333a52a4b23a2f1625de1efe5170,1.692746,2.175077,163,74.0,5.0
omp,none,GKOIR,cuda,none,PBiCGStab,25,32,uc2n559.localdomain,adbf333a52a4b23a2f1625de1efe5170,1.692746,2.253046,163,79.0,5.0
omp,none,GKOIR,cuda,none,PBiCGStab,25,32,uc2n559.localdomain,adbf333a52a4b23a2f1625de1efe5170,1.692746,1.978095,163,72.0,5.0
omp,none,GKOIR,cuda,none,PBiCGStab,25,32,uc2n559.localdomain,adbf333a52a4b23a2f1625de1efe5170,1.692746,3.208754,163,76.0,5.0
omp,none,GKOIR,cuda,none,PBiCGStab,25,32,uc2n559.localdomain,adbf333a52a4b23a2f1625de1efe5170,1.692746,2.227271,163,78.0,5.0
omp,none,GKOIR,cuda,none,PBiCGStab,25,32,uc2n559.localdomain,adbf333a52a4b23a2f1625de1efe5170,1.692746,2.086954,163,75.0,5.0
omp,none,GKOIR,cuda,none,PBiCGStab,25,32,uc2n559.localdomain,adbf333a52a4b23a2f1625de1efe5170,1.692746,2.251465,163,84.0,5.0
omp,none,GKOCG,cuda,none,PBiCGStab,65,32,uc2n559.localdomain,6f05bec40567defe75b1a0db56bc5663,7.051452,30.774053,6484,870.0,134.0
omp,none,GKOCG,cuda,none,PBiCGStab,65,32,uc2n559.localdomain,6f05bec40567defe75b1a0db56bc5663,7.051452,33.383851,6484,1080.0,134.0
omp,none,GKOCG,cuda,none,PBiCGStab,65,32,uc2n559.localdomain,6f05bec40567defe75b1a0db56bc5663,7.051452,33.081748,6484,881.0,133.0
omp,BJ,GKOCG,cuda,none,PBiCGStab,65,32,uc2n559.localdomain,e65037b8f4cc9c89369a1a554fa43beb,7.559843,32.899418,5346,985.0,138.0
omp,BJ,GKOCG,cuda,none,PBiCGStab,65,32,uc2n559.localdomain,e65037b8f4cc9c89369a1a554fa43beb,7.559843,33.828048,5346,1002.0,140.0
omp,BJ,GKOCG,cuda,none,PBiCGStab,65,32,uc2n559.localdomain,e65037b8f4cc9c89369a1a554fa43beb,7.559843,33.526958,5346,995.0,136.0
